rank,en,frequency
1,the,56271872
2,of,33950064
3,and,29944184
4,to,25956096
5,in,17420636
6,i,11764797
7,that,11073318
8,was,10078245
9,his,8799755
10,he,8397205
11,it,8058110
12,with,7725512
13,is,7557477
14,for,7097981
15,as,7037543
16,had,6139336
17,you,6048903
18,not,5741803
19,be,5662527
20,her,5202501
21,on,5113263
22,at,5091841
23,by,5061050
24,which,4580906
25,have,4346500
26,or,4228287
27,from,4108111
28,this,4015425
29,him,3971997
30,but,3894211
31,all,3703342
32,she,3415846
33,they,3340398
34,were,3323884
35,my,3277699
36,are,3224178
37,me,3027134
38,one,2832569
39,their,2820265
40,so,2802481
41,an,2641417
42,said,2637136
43,them,2509917
44,we,2491655
45,who,2472663
46,would,2400858
47,been,2357654
48,will,2320022
49,no,2241145
50,when,1980046
51,there,1961200
52,if,1951102
53,more,1899787
54,out,1875351
55,up,1792712
56,into,1703963
57,do,1680164
58,any,1665366
59,your,1658553
60,what,1605908
61,has,1602329
62,man,1573117
63,could,1571110
64,other,1533530
65,than,1508779
66,our,1498473
67,some,1476767
68,very,1462382
69,time,1449681
70,upon,1424595
71,about,1414687
72,may,1400642
73,its,1373270
74,only,1318367
75,now,1317723
76,like,1280625
77,little,1273589
78,then,1255636
79,can,1210074
80,should,1192154
81,made,1188501
82,did,1185720
83,us,1171742
84,such,1136757
85,a,1135294
86,great,1120163
87,before,1117089
88,must,1108116
89,two,1093366
90,these,1090510
91,see,1084286
92,know,1075612
93,over,1056659
94,much,1021822
95,down,989808
96,after,978575
97,first,978196
98,Mr,974419
99,good,966602
100,men,923053
101,own,922130
102,never,899673
103,most,889691
104,old,887917
105,shall,883846
106,day,882331
107,where,881975
108,those,878621
109,came,873144
110,come,873007
111,himself,863478
112,way,860027
113,work,829823
114,life,825485
115,without,819684
116,go,816536
117,make,807600
118,well,799596
119,through,792925
120,being,792220
121,long,791686
122,say,788124
123,might,787455
124,how,770603
125,am,761957
126,too,758856
127,even,750750
128,def,748992
129,again,745230
130,many,744168
131,back,740270
132,here,729829
133,think,715780
134,every,704444
135,people,701741
136,went,690186
137,same,689376
138,last,680833
139,thought,674623
140,away,673810
141,under,671168
142,take,656486
143,found,654512
144,hand,648227
145,eyes,647788
146,still,640067
147,place,621773
148,while,613918
149,just,610168
150,also,608042
151,young,591821
152,yet,588615
153,though,570877
154,against,569459
155,things,567559
156,get,564674
157,ever,559207
158,give,554003
159,god,552668
160,years,547420
161,off,545832
162,face,544251
163,nothing,541692
164,right,536737
165,once,534154
166,another,533985
167,left,531797
168,part,526137
169,saw,520922
170,house,517564
171,world,517557
172,head,512481
173,three,502146
174,took,501669
175,new,498040
176,love,496496
177,always,495834
178,Mrs,495443
179,put,495189
180,night,484878
181,each,484599
182,king,479849
183,between,479034
184,tell,475277
185,mind,470313
186,heart,467157
187,few,466338
188,because,465587
189,thing,461472
190,whom,458312
191,far,456267
192,seemed,447884
193,looked,447491
194,called,445602
195,whole,435059
196,de,433393
197,set,432637
198,both,432491
199,got,432016
200,find,431120
201,done,430389
202,heard,429972
203,look,428871
204,name,427021
205,days,426104
206,told,424696
207,let,424320
208,lord,422407
209,country,420788
210,asked,420044
211,going,419315
212,seen,418862
213,better,416463
214,p,415673
215,having,415355
216,home,413499
217,knew,413101
218,side,405810
219,something,398727
220,moment,390988
221,father,387790
222,among,387549
223,course,385303
224,hands,385081
225,woman,384156
226,enough,382266
227,words,380328
228,mother,373898
229,soon,373813
230,full,371831
231,end,369761
232,gave,369036
233,room,366719
234,almost,366630
235,small,359970
236,thou,355857
237,cannot,355656
238,water,355467
239,want,354212
240,however,352828
241,light,351253
242,quite,350537
243,brought,349925
244,nor,349691
245,word,349685
246,whose,344377
247,given,344141
248,door,342388
249,best,337544
250,turned,337367
251,taken,335210
252,does,334332
253,use,333883
254,morning,330567
255,myself,328630
256,Gutenberg,328324
257,felt,326524
258,until,326391
259,since,326386
260,power,326243
261,themselves,325793
262,used,325791
263,rather,325719
264,began,325327
265,present,324509
266,voice,322870
267,others,322643
268,white,322465
269,works,318937
270,less,316490
271,money,315642
272,next,313167
273,poor,311818
274,death,309653
275,stood,308025
276,form,307506
277,within,307223
278,together,304955
279,till,304735
280,thy,304489
281,large,304240
282,matter,301283
283,kind,298191
284,often,296798
285,certain,296795
286,herself,295916
287,year,295745
288,friend,295078
289,half,293866
290,order,293593
291,round,291647
292,true,291427
293,anything,289997
294,keep,289304
295,sent,287876
296,wife,286847
297,means,284431
298,believe,281965
299,passed,279864
300,feet,279821
301,near,278870
302,public,278365
303,state,277682
304,son,277227
305,hundred,275990
306,children,275607
307,thus,275221
308,hope,273746
309,alone,272173
310,above,271641
311,case,271588
312,dear,270503
313,thee,269414
314,says,268542
315,person,267878
316,high,266672
317,read,265947
318,city,265138
319,already,264662
320,received,264606
321,fact,263613
322,gone,263585
323,girl,262689
324,known,262571
325,hear,260746
326,times,260596
327,least,259916
328,perhaps,257964
329,sure,255885
330,indeed,255789
331,english,255212
332,open,254373
333,body,252812
334,itself,251252
335,along,251163
336,land,249677
337,return,249533
338,leave,249063
339,air,247480
340,nature,246792
341,answered,246251
342,either,244426
343,law,244138
344,help,243712
345,lay,242753
346,point,242269
347,child,242201
348,letter,242178
349,four,242099
350,wish,241091
351,fire,240652
352,cried,240280
353,2,240009
354,women,239735
355,speak,239025
356,number,238734
357,therefore,238281
358,hour,237964
359,friends,237481
360,held,235474
361,free,235012
362,war,234544
363,during,233771
364,several,233197
365,business,233158
366,whether,230819
367,er,230485
368,manner,230401
369,second,230300
370,reason,229940
371,replied,229913
372,united,226953
373,call,226661
374,general,226391
375,why,226216
376,behind,226205
377,became,224811
378,john,224569
379,become,224326
380,dead,224049
381,earth,222546
382,boy,222315
383,lost,222264
384,forth,220598
385,thousand,218623
386,looking,218510
387,I'll,218372
388,family,218118
389,soul,217840
390,feel,216356
391,coming,215147
392,England,214339
393,spirit,213257
394,question,213124
395,care,213072
396,truth,212548
397,ground,212369
398,really,211722
399,rest,211668
400,mean,211299
401,different,211043
402,making,210031
403,possible,209099
404,fell,208344
405,towards,208199
406,human,206740
407,kept,206329
408,short,206216
409,town,205687
410,following,205653
411,need,204955
412,cause,204686
413,met,203956
414,evening,203331
415,returned,202041
416,five,201451
417,strong,200224
418,able,200145
419,french,199969
420,live,199658
421,lady,199560
422,subject,198566
423,sn,198498
424,answer,198187
425,sea,198128
426,fear,196739
427,understand,196729
428,hard,196458
429,terms,196252
430,doubt,195905
431,around,195594
432,ask,194903
433,arms,194298
434,turn,192763
435,sense,192719
436,seems,192229
437,black,191272
438,bring,191148
439,followed,190649
440,beautiful,190563
441,close,188915
442,dark,188316
443,hold,186609
444,character,186256
445,sort,186136
446,sight,185862
447,ten,184612
448,show,184074
449,party,184068
450,fine,183059
451,ye,182978
452,ready,181866
453,story,180998
454,common,180061
455,book,179739
456,electronic,179347
457,talk,178877
458,account,178452
459,mark,178084
460,interest,178001
461,written,177232
462,can't,176728
463,bed,176635
464,necessary,176467
465,age,176320
466,else,175980
467,force,175520
468,idea,174236
469,longer,173897
470,art,173544
471,spoke,172990
472,across,172901
473,brother,172692
474,early,172467
475,ought,171690
476,sometimes,171309
477,line,170962
478,saying,170695
479,table,170143
480,appeared,169913
481,river,169470
482,continued,169086
483,eye,168723
484,ety,168713
485,sun,168545
486,information,168408
487,later,167805
488,everything,166395
489,reached,165752
490,suddenly,164850
491,past,164703
492,hours,164326
493,strange,164147
494,deep,163819
495,change,163514
496,miles,163341
497,feeling,163269
498,act,162869
499,meet,162687
500,paid,162605
501,further,162328
502,purpose,162154
503,happy,162105
504,added,161953
505,seem,161549
506,taking,160626
507,blood,160547
508,rose,159794
509,south,158664
510,beyond,158344
511,cold,158204
512,neither,158200
513,forward,157578
514,view,157416
515,I've,157210
516,position,156851
517,sound,156616
518,none,155743
519,entered,155480
520,clear,155472
521,road,154977
522,late,154840
523,stand,154582
524,suppose,154536
525,la,154457
526,daughter,154261
527,real,154046
528,nearly,154001
529,mine,153940
530,laws,153830
531,knowledge,153829
532,comes,153299
533,toward,152972
534,bad,152889
535,cut,152625
536,copy,151661
537,husband,151651
538,six,151612
539,France,151108
540,living,151043
541,peace,150281
542,didn't,149696
543,low,149690
544,north,149601
545,remember,149323
546,effect,148795
547,natural,148744
548,pretty,148124
549,fall,147435
550,fair,147401
551,service,146483
552,below,146062
553,except,145998
554,American,145980
555,hair,145817
556,London,145606
557,laid,145490
558,pass,145440
559,led,145393
560,copyright,145244
561,doing,145131
562,army,144925
563,run,144688
564,horse,144022
565,future,143658
566,opened,143625
567,pleasure,142952
568,history,141958
569,west,141745
570,pay,141597
571,red,141588
572,an',141517
573,4,141402
574,hath,141246
575,note,140679
576,although,140667
577,wanted,140608
578,gold,139711
579,makes,139167
580,desire,138288
581,play,138228
582,master,137871
583,office,136616
584,tried,136507
585,front,136296
586,big,136265
587,Dr,135902
588,lived,135512
589,certainly,135386
590,wind,134689
591,receive,134351
592,attention,134257
593,government,134075
594,unto,134048
595,church,133975
596,strength,133771
597,length,133663
598,company,133159
599,placed,133084
600,paper,133030
601,letters,132785
602,probably,132560
603,glad,132368
604,important,132288
605,especially,132096
606,greater,132045
607,yourself,131617
608,fellow,131509
609,bear,131397
610,opinion,130867
611,window,130590
612,ran,130394
613,faith,130376
614,ago,130255
615,agreement,130079
616,charge,129644
617,beauty,129586
618,lips,129473
619,remained,129411
620,arm,129325
621,latter,129276
622,duty,129116
623,send,129075
624,distance,129046
625,silence,128067
626,foot,128053
627,wild,127758
628,object,127468
629,die,127167
630,save,126799
631,gentleman,126761
632,trees,126469
633,green,126431
634,trouble,125885
635,smile,125830
636,books,125827
637,wrong,125401
638,various,125006
639,sleep,124634
640,persons,123820
641,blockquote,123703
642,happened,123421
643,particular,123182
644,drew,122264
645,minutes,122201
646,hardly,121603
647,walked,121276
648,chief,121207
649,chance,120739
650,according,120733
651,beginning,120733
652,action,120590
653,deal,120186
654,loved,120145
655,visit,119807
656,thinking,119753
657,follow,119666
658,standing,119506
659,knows,119114
660,try,118860
661,presence,118852
662,heavy,118834
663,sweet,118754
664,plain,118641
665,donations,118443
666,immediately,118250
667,wrote,118114
668,mouth,117921
669,rich,117386
670,thoughts,117251
671,months,116955
672,u,116586
673,won't,116568
674,afraid,116467
675,Paris,116402
676,single,115905
677,joy,115788
678,enemy,115195
679,broken,115006
680,unless,114054
681,states,113807
682,ship,113611
683,condition,113578
684,carry,113357
685,exclaimed,113352
686,including,113104
687,filled,112921
688,seeing,112889
689,influence,112447
690,write,112285
691,boys,112125
692,appear,112044
693,outside,111849
694,secret,111678
695,parts,111194
696,please,111114
697,appearance,110932
698,evil,110898
699,march,110834
700,George,110754
701,whatever,110549
702,slowly,110500
703,tears,110314
704,horses,110296
705,places,110250
706,caught,110061
707,stay,109894
708,instead,109837
709,struck,109662
710,blue,109449
711,York,109354
712,impossible,109330
713,period,109160
714,sister,108983
715,battle,108781
716,school,108701
717,Mary,108633
718,raised,108580
719,occasion,108544
720,married,108419
721,man's,108346
722,former,108299
723,food,108140
724,youth,108097
725,learned,108072
726,merely,108034
727,reach,107787
728,system,107496
729,twenty,107475
730,dinner,107414
731,quiet,107167
732,easily,107012
733,moved,106996
734,afterwards,106992
735,giving,106981
736,walk,106858
737,stopped,106661
738,laughed,106591
739,language,106445
740,expression,106415
741,week,106184
742,hall,106108
743,danger,105775
744,property,105765
745,wonder,105588
746,usual,105412
747,figure,105403
748,born,104938
749,court,104606
750,generally,104448
751,grew,104326
752,showed,104205
753,getting,103981
754,ancient,103755
755,respect,103497
756,third,103468
757,worth,103346
758,simple,102885
759,tree,102872
760,leaving,102830
761,remain,102801
762,society,102355
763,fight,102206
764,wall,102124
765,result,102039
766,heaven,101875
767,William,101780
768,started,101771
769,command,101717
770,tone,101569
771,regard,101139
772,expected,101117
773,mere,101061
774,month,101037
775,beside,100710
776,silent,100695
777,perfect,100522
778,experience,100504
779,street,100499
780,writing,100292
781,goes,100235
782,circumstances,100166
783,entirely,99803
784,fresh,99654
785,duke,99561
786,covered,99439
787,bound,99304
788,east,99220
789,wood,99157
790,stone,99073
791,quickly,98994
792,notice,98872
793,bright,98773
794,Christ,98758
795,boat,98756
796,noble,98714
797,meant,98705
798,somewhat,98651
799,sudden,98497
800,value,98232
801,c,97991
802,direction,97628
803,chair,97567
804,due,97353
805,support,97334
806,tom,97093
807,date,96908
808,waiting,96834
809,Christian,96735
810,village,96681
811,lives,96547
812,reading,96465
813,agree,96413
814,lines,96198
815,considered,96182
816,field,96170
817,observed,96110
818,scarcely,95979
819,wished,95538
820,wait,95523
821,greatest,95398
822,permission,95391
823,success,95371
824,piece,95303
825,British,95149
826,ex,95127
827,Charles,95049
828,formed,94978
829,speaking,94833
830,trying,94706
831,conversation,94578
832,proper,94480
833,hill,94379
834,music,94284
835,opportunity,94123
836,that's,93912
837,German,93866
838,afternoon,93839
839,cry,93675
840,cost,93470
841,allowed,93398
842,girls,93384
843,considerable,93235
844,c,92990
845,broke,92800
846,honour,92446
847,seven,92292
848,private,92260
849,sit,92217
850,news,92204
851,top,91995
852,scene,91985
853,discovered,91968
854,marriage,91937
855,step,91592
856,garden,91392
857,race,91305
858,begin,91207
859,per,91115
860,individual,90923
861,sitting,90632
862,learn,90513
863,political,90412
864,difficult,90385
865,bit,90352
866,speech,90319
867,Henry,90034
868,lie,89756
869,cast,89723
870,eat,89650
871,authority,89562
872,etc,89480
873,floor,89151
874,ill,89125
875,ways,88381
876,officers,88207
877,offered,88164
878,original,88133
879,happiness,88005
880,flowers,87879
881,produced,87876
882,summer,87793
883,provide,87573
884,study,87538
885,religion,87445
886,picture,87340
887,walls,87300
888,personal,87235
889,America,87195
890,watch,87073
891,pleased,86744
892,leaves,86702
893,declared,86560
894,hot,86478
895,understood,86271
896,effort,86256
897,prepared,86240
898,escape,86157
899,attempt,86132
900,supposed,86122
901,killed,86020
902,fast,86008
903,author,85992
904,Indian,85940
905,brown,85875
906,determined,85873
907,pain,85833
908,spring,85777
909,takes,85761
910,drawn,85701
911,soldiers,85694
912,houses,85488
913,beneath,85453
914,talking,85391
915,turning,85325
916,century,85256
917,steps,84796
918,intended,84789
919,soft,84783
920,straight,84750
921,matters,84637
922,likely,84636
923,corner,84584
924,trademark,84518
925,justice,84500
926,simply,84365
927,produce,84323
928,trust,84298
929,appears,84153
930,Rome,84141
931,laugh,84072
932,forget,84004
933,Europe,83940
934,passage,83908
935,eight,83853
936,closed,83814
937,ourselves,83716
938,gives,83639
939,dress,83486
940,passing,83482
941,terrible,83421
942,required,83248
943,medium,83151
944,efforts,83147
945,sake,83124
946,breath,83075
947,wise,83039
948,ladies,82918
949,possession,82883
950,pleasant,82839
951,perfectly,82830
952,o',82761
953,memory,82725
954,usually,82644
955,grave,82623
956,fixed,82566
957,modern,82562
958,spot,82338
959,troops,82223
960,rise,82126
961,break,82118
962,fifty,82035
963,island,81974
964,meeting,81962
965,camp,81899
966,nation,81890
967,existence,81804
968,reply,81671
969,I'd,81624
970,copies,81479
971,sky,81457
972,touch,81396
973,equal,81392
974,fortune,81232
975,v,81207
976,shore,81109
977,domain,81056
978,named,80756
979,situation,80651
980,looks,80463
981,promise,80426
982,orders,80294
983,degree,80293
984,middle,80239
985,winter,80239
986,plan,80069
987,spent,80046
988,allow,79876
989,pale,79860
990,conduct,79819
991,running,79752
992,religious,79751
993,surprise,79635
994,minute,79605
995,roman,79482
996,cases,79432
997,shot,79425
998,lead,79418
999,move,79376
1000,names,79366
1001,stop,79301
1002,higher,79280
1003,et,79225
1004,father's,79201
1005,threw,79179
1006,worse,79163
1007,built,79110
1008,spoken,79085
1009,glass,79053
1010,board,78858
1011,vain,78809
1012,affairs,78788
1013,instance,78564
1014,safe,78317
1015,loss,78305
1016,doctor,78281
1017,offer,78246
1018,class,78173
1019,complete,78039
1020,access,77716
1021,lower,77368
1022,wouldn't,77327
1023,repeated,77300
1024,forms,77286
1025,darkness,77261
1026,military,77249
1027,warm,77220
1028,drink,77183
1029,passion,77028
1030,ones,76976
1031,physical,76974
1032,example,76922
1033,ears,76672
1034,questions,76596
1035,start,76592
1036,lying,76560
1037,smiled,76547
1038,keeping,76541
1039,spite,76495
1040,shown,76402
1041,directly,76333
1042,james,76067
1043,hart,76059
1044,serious,75990
1045,hat,75918
1046,dog,75874
1047,silver,75859
1048,sufficient,75856
1049,main,75850
1050,mentioned,75813
1051,servant,75473
1052,pride,75429
1053,crowd,75422
1054,train,75404
1055,wonderful,75347
1056,moral,75253
1057,instant,75209
1058,associated,75153
1059,path,75150
1060,greek,75128
1061,meaning,74981
1062,fit,74906
1063,ordered,74834
1064,lot,74745
1065,he's,74505
1066,proved,74438
1067,obliged,74413
1068,enter,74391
1069,rule,74378
1070,sword,74342
1071,attack,74293
1072,seat,74266
1073,game,74220
1074,health,74210
1075,paragraph,74195
1076,statement,74053
1077,social,74035
1078,refund,73914
1079,sorry,73906
1080,courage,73882
1081,members,73833
1082,grace,73826
1083,official,73755
1084,dream,73726
1085,worthy,73622
1086,rock,73581
1087,jack,73527
1088,provided,73443
1089,special,73437
1090,shook,73338
1091,request,73327
1092,mighty,73313
1093,glance,73302
1094,heads,73281
1095,movement,73266
1096,fee,73232
1097,share,73182
1098,expect,73178
1099,couldn't,73076
1100,dollars,72925
1101,spread,72890
1102,opposite,72815
1103,glory,72644
1104,twelve,72570
1105,space,72550
1106,engaged,72545
1107,peter,72509
1108,wine,72450
1109,ordinary,72404
1110,mountains,72333
1111,taste,72268
1112,iron,72252
1113,isn't,72166
1114,distribute,72160
1115,trade,72098
1116,consider,72033
1117,greatly,71894
1118,accepted,71888
1119,forced,71884
1120,advantage,71878
1121,ideas,71849
1122,decided,71766
1123,using,71751
1124,officer,71744
1125,rate,71688
1126,clothes,71654
1127,sign,71582
1128,feelings,71558
1129,native,71399
1130,promised,71195
1131,judge,71190
1132,difference,71072
1133,working,71042
1134,anxious,71040
1135,marry,70948
1136,captain,70861
1137,finished,70763
1138,extent,70649
1139,watched,70643
1140,curious,70641
1141,foreign,70609
1142,besides,70524
1143,method,70513
1144,excellent,70452
1145,confidence,70414
1146,marked,70264
1147,'em,70256
1148,jesus,70228
1149,exactly,70213
1150,importance,70066
1151,finally,70018
1152,bill,69973
1153,vast,69861
1154,prove,69854
1155,fancy,69771
1156,quick,69761
1157,yes,69731
1158,sought,69666
1159,prevent,69664
1160,neck,69634
1161,hearts,69628
1162,liberty,69603
1163,interesting,69601
1164,sides,69594
1165,legal,69532
1166,gentlemen,69507
1167,dry,69442
1168,serve,69414
1169,aside,69368
1170,pure,69287
1171,concerning,69279
1172,forgotten,69212
1173,lose,69115
1174,powers,69073
1175,possessed,68995
1176,thrown,68931
1177,evidence,68904
1178,distant,68882
1179,Michael,68874
1180,progress,68830
1181,similar,68603
1182,narrow,68505
1183,altogether,68471
1184,building,68394
1185,page,68234
1186,particularly,68193
1187,knowing,68050
1188,weeks,67942
1189,settled,67880
1190,holding,67815
1191,mountain,67762
1192,search,67660
1193,sad,67596
1194,sin,67589
1195,lies,67551
1196,proud,67492
1197,pieces,67423
1198,clearly,67318
1199,price,67277
1200,ships,67259
1201,thirty,67229
1202,sick,67152
1203,honest,67088
1204,shut,67063
1205,talked,66998
1206,bank,66981
1207,fate,66946
1208,dropped,66940
1209,judgment,66827
1210,conditions,66803
1211,king's,66590
1212,accept,66498
1213,hills,66475
1214,removed,66429
1215,forest,66263
1216,measure,66262
1217,species,66220
1218,seek,66141
1219,highest,66066
1220,otherwise,66054
1221,stream,66003
1222,honor,65994
1223,carefully,65960
1224,obtained,65884
1225,ear,65819
1226,bread,65708
1227,bottom,65645
1228,additional,65640
1229,presented,65615
1230,aid,65581
1231,fingers,65564
1232,q,65556
1233,remembered,65554
1234,choose,65396
1235,agreed,65284
1236,animal,65255
1237,events,65118
1238,there's,65017
1239,fully,64982
1240,delight,64971
1241,rights,64836
1242,amount,64720
1243,obtain,64706
1244,tax,64658
1245,servants,64642
1246,sons,64592
1247,cross,64403
1248,shoulders,64397
1249,thick,64364
1250,points,64311
1251,stranger,64270
1252,woods,64227
1253,facts,64155
1254,dare,64055
1255,grow,64005
1256,creature,63988
1257,hung,63988
1258,rain,63905
1259,false,63861
1260,tall,63854
1261,gate,63851
1262,nations,63793
1263,created,63774
1264,refused,63774
1265,quietly,63767
1266,surface,63717
1267,freely,63711
1268,holy,63709
1269,streets,63695
1270,blow,63577
1271,july,63558
1272,regarded,63536
1273,fashion,63526
1274,report,63492
1275,coast,63479
1276,daily,63422
1277,file,63420
1278,shoulder,63340
1279,surprised,63312
1280,faces,63252
1281,succeeded,63179
1282,birds,63162
1283,distribution,63155
1284,royal,63124
1285,song,63090
1286,wealth,63067
1287,comfort,63064
1288,failed,63013
1289,freedom,62979
1290,peculiar,62951
1291,anyone,62941
1292,advance,62895
1293,gentle,62856
1294,surely,62831
1295,animals,62815
1296,waited,62808
1297,secure,62770
1298,desired,62740
1299,grass,62726
1300,touched,62649
1301,occupied,62645
1302,draw,62587
1303,stage,62536
1304,portion,62479
1305,expressed,62460
1306,opening,62316
1307,june,62288
1308,spirits,62147
1309,fish,62138
1310,tongue,62119
1311,capital,62114
1312,angry,61966
1313,growing,61954
1314,served,61954
1315,carriage,61920
1316,weather,61892
1317,breast,61786
1318,presently,61503
1319,snow,61384
1320,David,61377
1321,papers,61338
1322,necessity,61325
1323,practice,61313
1324,claim,61248
1325,hast,61220
1326,education,61160
1327,sharp,61096
1328,prince,60998
1329,permitted,60987
1330,group,60983
1331,enemies,60982
1332,robert,60967
1333,played,60926
1334,throughout,60896
1335,pity,60858
1336,expense,60836
1337,yours,60770
1338,million,60752
1339,add,60647
1340,pray,60553
1341,taught,60553
1342,explained,60525
1343,tired,60525
1344,leading,60475
1345,kill,60435
1346,shadow,60402
1347,companion,60384
1348,weight,60339
1349,mass,60298
1350,established,60226
1351,suffered,60210
1352,gray,60200
1353,brave,60085
1354,thin,60068
1355,satisfied,60044
1356,check,60002
1357,virtue,59979
1358,golden,59969
1359,numerous,59925
1360,frequently,59873
1361,famous,59843
1362,telling,59831
1363,powerful,59634
1364,alive,59632
1365,waters,59569
1366,national,59565
1367,weak,59510
1368,divine,59479
1369,material,59413
1370,principal,59406
1371,gathered,59324
1372,suggested,59261
1373,frank,59180
1374,valley,59172
1375,guess,59171
1376,finding,59160
1377,yellow,59051
1378,heat,58979
1379,remains,58941
1380,bent,58939
1381,seized,58899
1382,guard,58892
1383,equally,58840
1384,naturally,58811
1385,box,58805
1386,remarkable,58805
1387,gods,58789
1388,moon,58760
1389,slight,58710
1390,style,58699
1391,pointed,58669
1392,saved,58632
1393,windows,58556
1394,crossed,58551
1395,louis,58498
1396,pounds,58458
1397,ain't,58451
1398,evidently,58378
1399,principle,58369
1400,immediate,58268
1401,willing,58218
1402,consequence,58195
1403,richard,58188
1404,principles,58148
1405,characters,58140
1406,paul,58106
1407,season,58088
1408,remarked,58020
1409,science,57960
1410,tender,57959
1411,worked,57946
1412,grown,57772
1413,whispered,57721
1414,interested,57714
1415,quarter,57661
1416,midst,57518
1417,liked,57509
1418,advanced,57495
1419,apparently,57471
1420,bore,57458
1421,pwh,57456
1422,active,57449
1423,noticed,57389
1424,aware,57388
1425,thomas,57341
1426,uncle,57326
1427,list,57295
1428,dangerous,57292
1429,august,57283
1430,calm,57251
1431,genius,57225
1432,sacred,57211
1433,kingdom,57199
1434,entire,57187
1435,popular,57115
1436,unknown,57040
1437,nice,57038
1438,habit,57035
1439,spanish,56981
1440,familiar,56835
1441,reader,56832
1442,published,56807
1443,direct,56755
1444,handsome,56748
1445,you'll,56740
1446,joined,56737
1447,actually,56699
1448,kings,56630
1449,sd,56603
1450,posted,56561
1451,approach,56555
1452,Washington,56527
1453,hearing,56509
1454,needed,56455
1455,increased,56113
1456,walking,56094
1457,twice,55893
1458,throw,55850
1459,intellectual,55849
1460,appointed,55847
1461,wisdom,55827
1462,ceased,55810
1463,truly,55776
1464,numbers,55771
1465,demanded,55718
1466,priest,55667
1467,wounded,55666
1468,sorrow,55657
1469,drive,55626
1470,fault,55610
1471,listened,55604
1472,palace,55599
1473,affair,55588
1474,contact,55576
1475,distinguished,55568
1476,station,55551
1477,beat,55452
1478,distributed,55431
1479,e,55405
1480,listen,55400
1481,Italy,55327
1482,fool,55324
1483,becomes,55307
1484,watching,55264
1485,hurt,55227
1486,wants,55209
1487,express,55193
1488,occurred,55186
1489,favour,55161
1490,height,55161
1491,size,55123
1492,edge,55074
1493,subjects,55021
1494,task,54999
1495,follows,54945
1496,interests,54938
1497,nine,54922
1498,sympathy,54921
1499,burst,54920
1500,putting,54835
1501,dressed,54816
1502,lifted,54796
1503,hopes,54772
1504,suffer,54764
1505,noise,54731
1506,smiling,54720
1507,rode,54627
1508,tells,54559
1509,minds,54524
1510,farther,54471
1511,literature,54426
1512,vessel,54407
1513,affection,54381
1514,suffering,54363
1515,proceeded,54343
1516,flesh,54333
1517,advice,54172
1518,grand,54172
1519,carrying,54168
1520,legs,54149
1521,Spain,54147
1522,post,54054
1523,collection,54031
1524,empty,54020
1525,rank,54009
1526,storm,54009
1527,god's,53975
1528,imagine,53930
1529,wore,53915
1530,duties,53904
1531,admitted,53846
1532,countries,53834
1533,pocket,53783
1534,arrival,53776
1535,imagination,53768
1536,driven,53753
1537,loud,53742
1538,sentence,53699
1539,lovely,53673
1540,extraordinary,53589
1541,November,53551
1542,December,53541
1543,happen,53527
1544,absence,53502
1545,breakfast,53488
1546,population,53423
1547,thank,53413
1548,rules,53386
1549,inhabitants,53168
1550,series,53157
1551,laughing,53113
1552,address,53096
1553,relief,53061
1554,bird,52958
1555,owner,52920
1556,impression,52901
1557,satisfaction,52896
1558,coat,52869
1559,prepare,52846
1560,relations,52841
1561,shape,52710
1562,birth,52703
1563,rapidly,52677
1564,smoke,52676
1565,January,52657
1566,mother+'s,52657
1567,machine,52618
1568,content,52615
1569,consideration,52606
1570,accompanied,52581
1571,regular,52519
1572,moving,52512
1573,stands,52512
1574,wholly,52482
1575,teeth,52449
1576,busy,52407
1577,treated,52378
1578,burning,52322
1579,shame,52312
1580,quality,52292
1581,bay,52212
1582,discover,52201
1583,inside,52123
1584,brain,52105
1585,soil,52100
1586,completely,52050
1587,message,52049
1588,ring,52000
1589,resolved,51981
1590,calling,51950
1591,phrase,51940
1592,acts,51907
1593,mention,51888
1594,square,51832
1595,pair,51818
1596,won,51798
1597,title,51777
1598,understanding,51713
1599,Sunday,51687
1600,fruit,51674
1601,mad,51668
1602,forces,51593
1603,included,51591
1604,tea,51547
1605,rocks,51540
1606,nearer,51456
1607,slaves,51427
1608,falling,51396
1609,absolutely,51394
1610,slow,51380
1611,bearing,51315
1612,mercy,51306
1613,larger,51297
1614,explain,51285
1615,contain,51210
1616,grief,51205
1617,soldier,51200
1618,wasn't,51135
1619,countenance,51077
1620,previous,51055
1621,explanation,51050
1622,welcome,51009
1623,proposed,51006
1624,prayer,50987
1625,stars,50977
1626,Germany,50905
1627,belief,50725
1628,informed,50691
1629,moments,50676
1630,poetry,50673
1631,constant,50650
1632,buy,50619
1633,final,50604
1634,faithful,50587
1635,ride,50551
1636,policy,50464
1637,supper,50460
1638,drawing,50447
1639,excitement,50435
1640,dying,50335
1641,demand,50257
1642,fighting,50245
1643,fields,50201
1644,drove,50184
1645,upper,50168
1646,sum,50041
1647,Philip,49999
1648,motion,49955
1649,assistance,49929
1650,forty,49903
1651,April,49899
1652,stones,49887
1653,Edward,49840
1654,fees,49820
1655,kindly,49809
1656,dignity,49803
1657,catch,49718
1658,October,49715
1659,seated,49654
1660,knees,49642
1661,amongst,49628
1662,current,49580
1663,sending,49578
1664,parties,49574
1665,objects,49571
1666,gained,49550
1667,bitter,49544
1668,possibly,49520
1669,slave,49489
1670,separate,49480
1671,loose,49427
1672,text,49423
1673,receiving,49391
1674,worst,49369
1675,sold,49339
1676,don,49305
1677,credit,49262
1678,chosen,49225
1679,hoped,49174
1680,printed,49171
1681,terror,49161
1682,features,49124
1683,fond,49101
1684,control,49074
1685,capable,49070
1686,fifteen,49002
1687,doesn't,48968
1688,firm,48962
1689,superior,48948
1690,cruel,48839
1691,spiritual,48809
1692,Harry,48809
1693,splendid,48752
1694,proof,48702
1695,pressed,48635
1696,sooner,48619
1697,join,48614
1698,process,48561
1699,crime,48528
1700,dust,48502
1701,instantly,48494
1702,lands,48475
1703,relation,48472
1704,doors,48413
1705,concerned,48411
1706,deeply,48404
1707,practical,48402
1708,colour,48371
1709,sing,48331
1710,destroy,48261
1711,anger,48238
1712,distributing,48223
1713,results,48202
1714,increase,48197
1715,reasons,48062
1716,nose,48059
1717,friendly,48021
1718,entrance,47983
1719,rooms,47962
1720,admit,47956
1721,supply,47924
1722,clean,47921
1723,useful,47849
1724,yesterday,47824
1725,delicate,47818
1726,fail,47778
1727,continue,47737
1728,remove,47699
1729,addressed,47673
1730,choice,47671
1731,huge,47619
1732,needs,47619
1733,wear,47608
1734,blind,47599
1735,unable,47589
1736,cover,47574
1737,double,47550
1738,victory,47530
1739,dozen,47519
1740,constantly,47490
1741,level,47487
1742,India,47392
1743,release,47389
1744,rough,47332
1745,ended,47325
1746,shows,47324
1747,fly,47316
1748,praise,47267
1749,devil,47254
1750,ahead,47194
1751,smith,47190
1752,connected,47128
1753,degrees,47110
1754,gain,47094
1755,addition,47084
1756,committed,47063
1757,chamber,47055
1758,notes,47051
1759,Italian,47021
1760,gradually,46902
1761,acquaintance,46877
1762,bought,46854
1763,souls,46847
1764,mission,46837
1765,sacrifice,46810
1766,cities,46797
1767,mistake,46768
1768,exercise,46752
1769,conscience,46747
1770,based,46717
1771,car,46691
1772,buried,46646
1773,theory,46621
1774,commanded,46561
1775,nobody,46560
1776,minister,46464
1777,closely,46446
1778,energy,46407
1779,dick,46399
1780,bare,46386
1781,fought,46382
1782,partly,46369
1783,mistress,46298
1784,hate,46287
1785,arose,46271
1786,playing,46253
1787,color,46252
1788,lake,46240
1789,safety,46193
1790,provisions,46145
1791,description,46112
1792,asleep,46108
1793,centre,46093
1794,faint,46085
1795,thinks,46053
1796,parents,46044
1797,escaped,46024
1798,careful,45995
1799,enjoy,45987
1800,drop,45918
1801,brilliant,45799
1802,brief,45788
1803,bringing,45758
1804,worship,45744
1805,goods,45735
1806,tale,45733
1807,skin,45696
1808,roof,45695
1809,grey,45689
1810,highly,45680
1811,crown,45638
1812,castle,45581
1813,excited,45567
1814,throne,45558
1815,stated,45524
1816,despair,45463
1817,ease,45457
1818,attached,45447
1819,total,45438
1820,kindness,45424
1821,mile,45375
1822,citizens,45309
1823,circle,45281
1824,dull,45281
1825,extreme,45269
1826,clouds,45264
1827,figures,45251
1828,intention,45248
1829,prison,45241
1830,term,45215
1831,assured,45181
1832,hidden,45123
1833,thoroughly,45123
1834,cup,45107
1835,member,45100
1836,civil,44958
1837,apply,44943
1838,labor,44925
1839,everywhere,44877
1840,intelligence,44856
1841,strike,44825
1842,fairly,44822
1843,comply,44817
1844,fellows,44813
1845,haven't,44742
1846,event,44675
1847,gently,44659
1848,connection,44629
1849,protection,44625
1850,conscious,44568
1851,edition,44551
1852,directed,44487
1853,pulled,44473
1854,flight,44454
1855,evident,44453
1856,surrounded,44441
1857,wishes,44411
1858,yards,44411
1859,voices,44401
1860,weary,44397
1861,couple,44368
1862,variety,44354
1863,whilst,44316
1864,volume,44293
1865,details,44279
1866,older,44260
1867,requirements,44256
1868,custom,44253
1869,apart,44248
1870,bow,44208
1871,awful,44175
1872,everybody,44135
1873,labour,44127
1874,asking,44097
1875,lover,44066
1876,showing,44052
1877,introduced,44021
1878,suit,43998
1879,becoming,43985
1880,composed,43982
1881,plans,43978
1882,rendered,43966
1883,pictures,43960
1884,lest,43949
1885,volunteers,43949
1886,singing,43942
1887,eager,43919
1888,precious,43892
1889,paused,43885
1890,require,43847
1891,meat,43838
1892,whenever,43837
1893,milk,43784
1894,dogs,43682
1895,successful,43611
1896,plants,43609
1897,vision,43605
1898,rare,43603
1899,granted,43561
1900,raise,43533
1901,Egypt,43529
1902,manners,43503
1903,cousin,43494
1904,you've,43454
1905,development,43431
1906,Arthur,43405
1907,obs,43402
1908,cool,43305
1909,trial,43233
1910,learning,43177
1911,approached,43176
1912,bridge,43143
1913,abroad,43081
1914,devoted,43071
1915,paying,43055
1916,literary,43044
1917,writer,42938
1918,fn,42935
1919,Israel,42903
1920,disappeared,42899
1921,interrupted,42888
1922,stock,42862
1923,readers,42829
1924,dreadful,42801
1925,female,42767
1926,protect,42699
1927,accustomed,42696
1928,Virginia,42695
1929,type,42657
1930,recognized,42656
1931,salt,42649
1932,destroyed,42641
1933,signs,42635
1934,innocent,42613
1935,temper,42601
1936,plenty,42597
1937,pope,42596
1938,avoid,42559
1939,hurried,42480
1940,represented,42461
1941,favor,42434
1942,mental,42347
1943,attitude,42329
1944,returning,42271
1945,admiration,42255
1946,brothers,42245
1947,anxiety,42233
1948,queen,42223
1949,teach,42216
1950,count,42207
1951,curiosity,42203
1952,solemn,42188
1953,causes,42152
1954,vessels,42102
1955,compelled,42082
1956,dance,42075
1957,hotel,42072
1958,wicked,42017
1959,fled,41992
1960,kissed,41987
1961,guns,41921
1962,fill,41911
1963,visible,41884
1964,younger,41825
1965,guide,41750
1966,earnest,41745
1967,actual,41729
1968,companions,41728
1969,prisoner,41725
1970,miserable,41704
1971,lad,41692
1972,harm,41617
1973,views,41499
1974,Irish,41490
1975,utterly,41479
1976,ends,41431
1977,shop,41349
1978,stairs,41339
1979,pardon,41335
1980,gay,41319
1981,beg,41312
1982,seldom,41303
1983,kinds,41287
1984,record,41281
1985,fat,41278
1986,sand,41232
1987,violent,41203
1988,branches,41195
1989,inquired,41185
1990,IV,41152
1991,September,41145
1992,worn,41117
1993,Ireland,41105
1994,flat,41104
1995,departure,41101
1996,delivered,41099
1997,gift,41080
1998,ruin,41073
1999,skill,41029
2000,cattle,40983
2001,equipment,40935
2002,temple,40926
2003,calls,40860
2004,earlier,40843
2005,license,40827
2006,visited,40818
2007,en,40812
2008,consent,40810
2009,sufficiently,40787
2010,natives,40772
2011,wound,40752
2012,laughter,40713
2013,contained,40691
2014,perceived,40691
2015,scattered,40669
2016,whence,40661
2017,rushed,40657
2018,chiefly,40639
2019,bold,40614
2020,anywhere,40597
2021,witness,40545
2022,foolish,40523
2023,helped,40487
2024,kitchen,40483
2025,sell,40483
2026,anybody,40479
2027,self,40477
2028,extremely,40476
2029,treatment,40449
2030,throat,40414
2031,dreams,40383
2032,patient,40380
2033,speed,40372
2034,growth,40351
2035,quantity,40347
2036,Latin,40314
2037,immense,40278
2038,conclusion,40262
2039,computer,40222
2040,affected,40214
2041,severe,40200
2042,excuse,40180
2043,triumph,40169
2044,origin,40165
2045,Joseph,40161
2046,slept,40160
2047,eternal,40157
2048,thine,40157
2049,audience,40127
2050,pages,40117
2051,sounds,40089
2052,swift,40080
2053,limited,40060
2054,wings,40014
2055,stepped,39957
2056,services,39933
2057,library,39915
2058,remaining,39911
2059,containing,39908
2060,base,39900
2061,confusion,39871
2062,win,39858
2063,maid,39847
2064,charming,39846
2065,editions,39843
2066,attended,39842
2067,softly,39831
2068,reality,39813
2069,performed,39808
2070,glorious,39774
2071,likewise,39757
2072,site,39722
2073,sail,39713
2074,frightened,39697
2075,acquainted,39660
2076,unhappy,39660
2077,feared,39591
2078,article,39586
2079,prisoners,39576
2080,store,39566
2081,adopted,39561
2082,shalt,39534
2083,remark,39519
2084,cook,39479
2085,thousands,39463
2086,pause,39426
2087,inclined,39411
2088,convinced,39401
2089,band,39397
2090,valuable,39324
2091,hence,39316
2092,desert,39278
2093,effects,39257
2094,kiss,39251
2095,plant,39201
2096,ice,39198
2097,ball,39180
2098,stick,39108
2099,absolute,39093
2100,readily,39085
2101,behold,39051
2102,fierce,39048
2103,argument,38991
2104,observe,38990
2105,blessed,38967
2106,bosom,38956
2107,rage,38949
2108,striking,38941
2109,discovery,38883
2110,creatures,38875
2111,shouted,38859
2112,guilty,38836
2113,related,38810
2114,setting,38686
2115,forgot,38668
2116,punishment,38650
2117,gun,38632
2118,slightly,38629
2119,articles,38575
2120,police,38557
2121,mysterious,38550
2122,extended,38536
2123,confess,38535
2124,shade,38527
2125,murder,38525
2126,emotion,38510
2127,destruction,38505
2128,wondered,38474
2129,increasing,38463
2130,hide,38423
2131,expedition,38402
2132,horror,38361
2133,local,38355
2134,expenses,38353
2135,ignorant,38321
2136,doctrine,38303
2137,generous,38301
2138,range,38284
2139,host,38240
2140,wet,38201
2141,cloud,38187
2142,mystery,38185
2143,Ed,38165
2144,waste,38164
2145,changes,38156
2146,possess,38151
2147,consciousness,38142
2148,February,38131
2149,trembling,38110
2150,disease,38039
2151,formerly,38037
2152,spend,38033
2153,production,38021
2154,source,38004
2155,mankind,37996
2156,universal,37991
2157,deck,37965
2158,sees,37923
2159,habits,37913
2160,estate,37878
2161,aunt,37832
2162,reign,37816
2163,humble,37795
2164,compliance,37787
2165,delay,37771
2166,shining,37764
2167,reported,37740
2168,hers,37736
2169,unfortunate,37731
2170,midnight,37703
2171,listening,37700
2172,flower,37688
2173,hero,37673
2174,accomplished,37666
2175,doth,37665
2176,classes,37658
2177,thanks,37642
2178,banks,37623
2179,philosophy,37611
2180,belong,37593
2181,finger,37580
2182,comfortable,37542
2183,market,37529
2184,cap,37514
2185,waves,37462
2186,woman's,37437
2187,glanced,37392
2188,troubled,37376
2189,difficulties,37338
2190,picked,37330
2191,European,37324
2192,purposes,37314
2193,somewhere,37273
2194,delighted,37264
2195,pushed,37259
2196,press,37241
2197,household,37219
2198,fleet,37214
2199,baby,37208
2200,region,37161
2201,lately,37158
2202,uttered,37142
2203,exact,37133
2204,image,37131
2205,ages,37127
2206,murmured,37113
2207,melancholy,37112
2208,suspicion,37107
2209,bowed,37089
2210,refuse,37051
2211,Elizabeth,37040
2212,staff,37036
2213,liability,37032
2214,we'll,37019
2215,enjoyed,36985
2216,stretched,36973
2217,gaze,36916
2218,belonged,36888
2219,ashamed,36880
2220,reward,36873
2221,meal,36778
2222,blame,36775
2223,nodded,36767
2224,status,36747
2225,opinions,36725
2226,indicate,36699
2227,poem,36654
2228,savage,36642
2229,arise,36635
2230,voyage,36628
2231,misery,36563
2232,guests,36562
2233,painted,36515
2234,attend,36513
2235,afford,36482
2236,donate,36471
2237,job,36450
2238,proceed,36439
2239,loves,36414
2240,forehead,36382
2241,regret,36381
2242,plainly,36355
2243,risk,36336
2244,ad,36312
2245,lighted,36312
2246,angel,36288
2247,rapid,36285
2248,distinct,36267
2249,doubtless,36256
2250,properly,36256
2251,wit,36238
2252,fame,36237
2253,singular,36221
2254,error,36182
2255,utmost,36158
2256,methods,36155
2257,reputation,36155
2258,appeal,36123
2259,she's,36120
2260,w,36088
2261,strongly,36080
2262,Margaret,36006
2263,lack,35996
2264,breaking,35977
2265,dawn,35959
2266,violence,35957
2267,fatal,35917
2268,render,35896
2269,career,35881
2270,design,35854
2271,displayed,35848
2272,gets,35843
2273,commercial,35830
2274,forgive,35809
2275,lights,35807
2276,agreeable,35805
2277,suggestion,35777
2278,utter,35777
2279,sheep,35725
2280,resolution,35703
2281,spare,35671
2282,patience,35631
2283,domestic,35618
2284,concluded,35542
2285,'tis,35536
2286,farm,35520
2287,reference,35509
2288,Chinese,35506
2289,exist,35494
2290,corn,35491
2291,approaching,35449
2292,alike,35448
2293,mounted,35384
2294,Jane,35352
2295,issue,35310
2296,key,35281
2297,providing,35281
2298,majority,35276
2299,measures,35270
2300,towns,35240
2301,flame,35233
2302,Boston,35180
2303,dared,35177
2304,ignorance,35152
2305,reduced,35122
2306,occasionally,35100
2307,y,35094
2308,weakness,35090
2309,furnished,35089
2310,china,35058
2311,priests,35025
2312,flying,34986
2313,cloth,34966
2314,gazed,34953
2315,profit,34932
2316,fourth,34923
2317,bell,34920
2318,hitherto,34911
2319,benefit,34854
2320,movements,34847
2321,eagerly,34842
2322,acted,34841
2323,urged,34841
2324,ascii,34791
2325,disposed,34790
2326,electronically,34761
2327,atmosphere,34748
2328,chapter,34699
2329,begged,34626
2330,Helen,34619
2331,hole,34616
2332,invited,34593
2333,borne,34548
2334,departed,34546
2335,catholic,34522
2336,files,34514
2337,reasonable,34512
2338,sugar,34501
2339,replacement,34483
2340,sigh,34454
2341,humanity,34419
2342,thrust,34395
2343,frame,34362
2344,opposition,34350
2345,disk,34347
2346,haste,34328
2347,lonely,34328
2348,artist,34290
2349,knight,34282
2350,quarters,34277
2351,charm,34223
2352,substance,34163
2353,rolled,34154
2354,email,34145
2355,flung,34144
2356,celebrated,34143
2357,division,34136
2358,slavery,34114
2359,verse,34107
2360,decision,34067
2361,probable,34063
2362,painful,34042
2363,governor,34023
2364,forever,33999
2365,turns,33988
2366,branch,33961
2367,ocean,33958
2368,rear,33947
2369,leader,33937
2370,delightful,33915
2371,stared,33876
2372,boats,33808
2373,keen,33788
2374,disposition,33779
2375,senses,33722
2376,occasions,33700
2377,readable,33692
2378,beloved,33687
2379,inches,33684
2380,bones,33679
2381,enthusiasm,33648
2382,materials,33589
2383,luck,33588
2384,derived,33575
2385,managed,33479
2386,community,33464
2387,apparent,33464
2388,preserved,33454
2389,magnificent,33434
2390,hurry,33396
2391,scheme,33393
2392,oil,33392
2393,thence,33382
2394,reaching,33374
2395,dim,33362
2396,wretched,33290
2397,hanging,33275
2398,pipe,33218
2399,useless,33215
2400,nevertheless,33203
2401,print,33203
2402,smooth,33167
2403,solid,33148
2404,pursued,33135
2405,necessarily,33108
2406,build,33084
2407,attempted,33080
2408,centuries,33059
2409,eggs,33059
2410,equivalent,33033
2411,hastily,33032
2412,burned,33008
2413,you'd,33008
2414,recent,33000
2415,oh,32957
2416,travel,32951
2417,cries,32925
2418,noon,32919
2419,crying,32901
2420,generations,32858
2421,located,32835
2422,cabin,32809
2423,announcement,32782
2424,Britain,32752
2425,compared,32731
2426,handed,32720
2427,cease,32714
2428,smaller,32668
2429,circumstance,32666
2430,tent,32665
2431,frequent,32616
2432,alarm,32602
2433,nervous,32602
2434,beast,32586
2435,what's,32580
2436,aloud,32565
2437,independent,32519
2438,gates,32509
2439,distinction,32502
2440,essential,32487
2441,observation,32472
2442,stronger,32455
2443,recovered,32450
2444,belonging,32404
2445,loving,32402
2446,masters,32388
2447,writers,32341
2448,cf,32326
2449,permanent,32324
2450,mortal,32284
2451,stern,32284
2452,gratitude,32278
2453,preserve,32248
2454,burden,32242
2455,aspect,32240
2456,millions,32199
2457,merry,32182
2458,knife,32177
2459,dread,32133
2460,clever,32114
2461,applicable,32052
2462,district,32050
2463,shadows,32038
2464,Jim,32031
2465,silk,32029
2466,failure,32022
2467,links,32009
2468,cent,31995
2469,sentiment,31990
2470,amid,31980
2471,profits,31968
2472,agent,31949
2473,finds,31934
2474,Russia,31928
2475,bade,31920
2476,Russian,31857
2477,desperate,31847
2478,union,31834
2479,imagined,31804
2480,contempt,31802
2481,raising,31786
2482,lords,31775
2483,hell,31770
2484,separated,31752
2485,grant,31743
2486,seriously,31736
2487,tribes,31726
2488,hit,31725
2489,enormous,31700
2490,defective,31696
2491,conviction,31688
2492,secured,31688
2493,mixed,31679
2494,insisted,31661
2495,wooden,31632
2496,prefer,31621
2497,prayers,31606
2498,fever,31586
2499,selected,31568
2500,daughters,31553
2501,treat,31550
2502,warning,31522
2503,flew,31518
2504,speaks,31489
2505,developed,31472
2506,impulse,31472
2507,slipped,31472
2508,ours,31465
2509,Johnson,31408
2510,mistaken,31390
2511,damages,31382
2512,ambition,31356
2513,resumed,31351
2514,christmas,31347
2515,yield,31347
2516,ideal,31343
2517,schools,31335
2518,confirmed,31324
2519,descended,31322
2520,rush,31290
2521,falls,31268
2522,deny,31254
2523,calculated,31233
2524,correct,31211
2525,perform,31210
2526,hadn't,31207
2527,somehow,31184
2528,accordingly,31181
2529,stayed,31165
2530,acquired,31144
2531,counsel,31135
2532,distress,31131
2533,sins,31105
2534,notion,31102
2535,discussion,31093
2536,constitution,31085
2537,Anne,31055
2538,hundreds,31006
2539,instrument,31001
2540,firmly,30976
2541,actions,30971
2542,steady,30965
2543,remarks,30933
2544,empire,30925
2545,elements,30909
2546,idle,30891
2547,pen,30885
2548,entering,30872
2549,online,30872
2550,Africa,30843
2551,permit,30835
2552,th',30812
2553,tide,30803
2554,vol,30800
2555,leaned,30798
2556,college,30750
2557,maintain,30737
2558,sovereign,30706
2559,tail,30699
2560,generation,30695
2561,crowded,30692
2562,fears,30679
2563,nights,30650
2564,limitation,30643
2565,tied,30625
2566,horrible,30622
2567,cat,30600
2568,displaying,30545
2569,port,30537
2570,male,30525
2571,experienced,30487
2572,opposed,30485
2573,treaty,30483
2574,contents,30481
2575,rested,30450
2576,mode,30448
2577,poured,30431
2578,les,30400
2579,occur,30399
2580,seeking,30389
2581,practically,30323
2582,abandoned,30312
2583,reports,30295
2584,eleven,30294
2585,sank,30292
2586,begins,30288
2587,founded,30249
2588,brings,30244
2589,trace,30238
2590,instinct,30233
2591,collected,30227
2592,Scotland,30202
2593,characteristic,30186
2594,chose,30184
2595,cheerful,30177
2596,tribe,30165
2597,costs,30125
2598,threatened,30120
2599,arrangement,30110
2600,western,30106
2601,sang,30102
2602,beings,30093
2603,Sam,30027
2604,pressure,30019
2605,politics,30010
2606,sorts,29999
2607,shelter,29992
2608,rude,29987
2609,scientific,29984
2610,revealed,29965
2611,winds,29930
2612,riding,29915
2613,scenes,29905
2614,shake,29900
2615,industry,29891
2616,claims,29884
2617,pp,29884
2618,merit,29862
2619,profession,29855
2620,lamp,29830
2621,interview,29817
2622,territory,29813
2623,sleeping,29806
2624,sex,29802
2625,coffee,29791
2626,devotion,29791
2627,thereof,29758
2628,creation,29755
2629,trail,29747
2630,Romans,29746
2631,supported,29741
2632,requires,29704
2633,fathers,29703
2634,prospect,29680
2635,obey,29679
2636,Alexander,29667
2637,shone,29662
2638,operation,29642
2639,northern,29598
2640,nurse,29567
2641,profound,29544
2642,hungry,29534
2643,Scott,29470
2644,sisters,29453
2645,assure,29451
2646,exceedingly,29445
2647,match,29445
2648,wrath,29406
2649,continually,29405
2650,rest,29404
2651,gifts,29381
2652,folly,29369
2653,chain,29362
2654,uniform,29359
2655,debt,29346
2656,teaching,29345
2657,venture,29333
2658,execution,29331
2659,shoes,29324
2660,mood,29319
2661,crew,29317
2662,perceive,29302
2663,accounts,29288
2664,eating,29284
2665,multitude,29272
2666,declare,29260
2667,yard,29253
2668,o'er,29218
2669,astonishment,29188
2670,version,29178
2671,vague,29158
2672,odd,29121
2673,grateful,29103
2674,nearest,29094
2675,infinite,29093
2676,elsewhere,29086
2677,copying,29053
2678,apartment,29045
2679,activity,29037
2680,wives,29022
2681,parted,29014
2682,security,29002
2683,cared,28977
2684,sensible,28974
2685,owing,28972
2686,Martin,28942
2687,Saturday,28923
2688,cottage,28919
2689,Jews,28880
2690,leaning,28852
2691,capacity,28840
2692,joe,28833
2693,settle,28821
2694,referred,28805
2695,Francis,28802
2696,holder,28802
2697,involved,28795
2698,sunshine,28794
2699,Dutch,28790
2700,council,28741
2701,princes,28733
2702,ate,28730
2703,examination,28722
2704,steel,28720
2705,strangers,28717
2706,beheld,28689
2707,test,28684
2708,noted,28678
2709,slightest,28678
2710,widow,28660
2711,charity,28623
2712,realized,28608
2713,element,28584
2714,shed,28565
2715,errors,28560
2716,communication,28547
2717,reflection,28544
2718,attacked,28530
2719,organization,28527
2720,maintained,28505
2721,restored,28491
2722,folks,28478
2723,concealed,28468
2724,accordance,28450
2725,heavens,28450
2726,star,28433
2727,examined,28407
2728,deeds,28369
2729,wordforms,28357
2730,somebody,28352
2731,incident,28345
2732,oath,28324
2733,guest,28321
2734,bar,28297
2735,row,28295
2736,poverty,28267
2737,bottle,28240
2738,prevented,28237
2739,bless,28226
2740,stir,28214
2741,intense,28207
2742,completed,28162
2743,quarrel,28149
2744,touching,28146
2745,inner,28146
2746,available,28136
2747,fix,28136
2748,resistance,28131
2749,unusual,28120
2750,deed,28114
2751,derive,28109
2752,hollow,28106
2753,suspected,28105
2754,contains,28103
2755,sighed,28101
2756,province,28082
2757,deserted,28082
2758,establishment,28072
2759,vote,28063
2760,muttered,28043
2761,thither,28028
2762,oxford,28020
2763,cavalry,28018
2764,lofty,28017
2765,endure,27969
2766,succeed,27952
2767,leg,27931
2768,bid,27910
2769,Alice,27885
2770,hated,27883
2771,civilization,27878
2772,u,27877
2773,acting,27874
2774,landed,27866
2775,Christians,27862
2776,passions,27855
2777,interior,27851
2778,scarce,27839
2779,lightly,27830
2780,disturbed,27825
2781,rev,27825
2782,supreme,27819
2783,hang,27813
2784,notwithstanding,27812
2785,shock,27777
2786,exception,27775
2787,offering,27766
2788,display,27765
2789,strain,27765
2790,drank,27750
2791,confined,27737
2792,o,27727
2793,exhausted,27713
2794,poets,27693
2795,sounded,27690
2796,aim,27679
2797,critical,27665
2798,Jerusalem,27662
2799,directions,27660
2800,negro,27637
2801,fearful,27624
2802,standard,27611
2803,studied,27586
2804,bag,27579
2805,n,27563
2806,buildings,27546
2807,consequences,27544
2808,commenced,27534
2809,deeper,27506
2810,repeat,27504
2811,driving,27495
2812,beasts,27484
2813,track,27484
2814,rid,27457
2815,holds,27452
2816,residence,27445
2817,steadily,27404
2818,intimate,27403
2819,drinking,27385
2820,swear,27380
2821,treasure,27351
2822,fun,27345
2823,throwing,27340
2824,apt,27321
2825,enterprise,27321
2826,queer,27302
2827,seed,27296
2828,tower,27285
2829,runs,27276
2830,defend,27261
2831,favourite,27258
2832,desires,27249
2833,heavily,27238
2834,assembled,27230
2835,existed,27221
2836,depends,27216
2837,poems,27210
2838,hesitated,27208
2839,stuff,27203
2840,section,27202
2841,settlement,27201
2842,staring,27199
2843,sole,27191
2844,roads,27188
2845,plate,27174
2846,Mexico,27162
2847,overcome,27160
2848,pains,27159
2849,performing,27141
2850,dwell,27132
2851,grounds,27110
2852,taxes,27100
2853,marble,27081
2854,recently,27076
2855,tones,27064
2856,ability,27037
2857,awake,27037
2858,Walter,27037
2859,wave,27034
2860,shaking,27018
2861,folk,26996
2862,possibility,26961
2863,butter,26960
2864,fury,26960
2865,marched,26915
2866,Moses,26908
2867,writes,26901
2868,issued,26897
2869,sailed,26858
2870,instructions,26838
2871,hatred,26834
2872,pursuit,26832
2873,pull,26815
2874,furniture,26789
2875,additions,26788
2876,hid,26783
2877,rope,26781
2878,vi,26770
2879,adventure,26767
2880,royalty,26757
2881,vanished,26753
2882,arts,26748
2883,elder,26727
2884,signal,26715
2885,wanting,26696
2886,supplied,26694
2887,feast,26689
2888,safely,26650
2889,burn,26627
2890,describe,26605
2891,references,26602
2892,lesson,26592
2893,annual,26582
2894,card,26574
2895,passes,26556
2896,application,26542
2897,intelligent,26535
2898,county,26518
2899,beaten,26513
2900,presents,26511
2901,format,26507
2902,flow,26504
2903,sixty,26488
2904,scale,26480
2905,damage,26479
2906,marks,26478
2907,obtaining,26468
2908,moreover,26447
2909,commerce,26403
2910,startled,26381
2911,southern,26375
2912,consequently,26362
2913,outer,26352
2914,belongs,26350
2915,ben,26346
2916,wrought,26343
2917,average,26342
2918,naked,26341
2919,conducted,26318
2920,rivers,26306
2921,songs,26299
2922,obvious,26283
2923,foundation,26269
2924,concern,26239
2925,ceremony,26230
2926,magic,26210
2927,campaign,26203
2928,hunting,26202
2929,Carolina,26199
2930,liberal,26184
2931,whisper,26184
2932,largely,26177
2933,commonly,26158
2934,torn,26151
2935,exists,26145
2936,contributions,26143
2937,hunt,26139
2938,teacher,26128
2939,Christianity,26112
2940,lawyer,26093
2941,operations,26091
2942,detail,26089
2943,shortly,26070
2944,Caesar,26043
2945,wondering,26040
2946,leaders,26037
2947,blessing,26023
2948,princess,26022
2949,he'd,26014
2950,altar,26013
2951,tenderness,26013
2952,tiny,25980
2953,web,25971
2954,cardinal,25968
2955,sharply,25962
2956,regiment,25926
2957,chest,25915
2958,distinctly,25914
2959,purple,25912
2960,creating,25910
2961,gather,25905
2962,depth,25902
2963,indignation,25876
2964,performance,25870
2965,election,25863
2966,prosperity,25843
2967,gloomy,25825
2968,conception,25822
2969,clerk,25785
2970,decide,25779
2971,drunk,25774
2972,victim,25770
2973,reflected,25768
2974,pour,25765
2975,preceding,25764
2976,individuals,25759
2977,gazing,25737
2978,absurd,25718
2979,lift,25715
2980,gesture,25714
2981,armies,25710
2982,limbs,25667
2983,manage,25667
2984,brethren,25642
2985,Hugh,25616
2986,plays,25582
2987,hastened,25580
2988,dragged,25533
2989,motive,25512
2990,whatsoever,25421
2991,pointing,25416
2992,verses,25411
2993,pronounced,25410
2994,exchange,25408
2995,definite,25393
2996,emperor,25366
2997,tendency,25363
2998,remote,25339
2999,finish,25337
3000,flag,25313
3001,boots,25307
3002,enabled,25290
3003,administration,25289
3004,denied,25283
3005,churches,25279
3006,rarely,25251
3007,earnestly,25212
3008,considering,25210
3009,previously,25203
3010,ugly,25169
3011,bears,25165
3012,signed,25156
3013,genuine,25153
3014,harmless,25150
3015,mingled,25120
3016,obedience,25107
3017,walks,25103
3018,training,25071
3019,badly,25045
3020,feed,25028
3021,central,25010
3022,contrast,25009
3023,relieved,24995
3024,romance,24988
3025,Mississippi,24987
3026,structure,24976
3027,payment,24963
3028,pace,24960
3029,passages,24957
3030,succession,24955
3031,persuaded,24952
3032,sources,24952
3033,inquiry,24950
3034,inspired,24932
3035,angels,24925
3036,roll,24922
3037,wilt,24907
3038,inch,24887
3039,troubles,24878
3040,perfection,24870
3041,Lee,24850
3042,wherever,24845
3043,owe,24817
3044,handle,24805
3045,advantages,24802
3046,trip,24790
3047,shoot,24775
3048,fortunate,24755
3049,newspaper,24752
3050,employment,24726
3051,fitted,24721
3052,refuge,24717
3053,misfortune,24711
3054,providence,24702
3055,owns,24692
3056,cutting,24671
3057,beard,24658
3058,stirred,24654
3059,tear,24653
3060,Dan,24639
3061,resist,24634
3062,Bob,24620
3063,depths,24612
3064,maiden,24599
3065,determine,24596
3066,commission,24594
3067,merchant,24578
3068,whereas,24576
3069,crossing,24575
3070,independence,24561
3071,lively,24553
3072,breeze,24552
3073,provinces,24533
3074,Jean,24520
3075,virtues,24516
3076,conceived,24510
3077,relative,24507
3078,solitary,24481
3079,smell,24476
3080,wandering,24466
3081,thereby,24465
3082,eighteen,24454
3083,locked,24438
3084,provision,24386
3085,courts,24372
3086,eaten,24366
3087,historical,24366
3088,regarding,24365
3089,Florence,24349
3090,preferred,24349
3091,pick,24343
3092,ruined,24340
3093,wherein,24337
3094,vanity,24324
3095,condemned,24297
3096,deliver,24296
3097,unexpected,24270
3098,desk,24263
3099,gross,24261
3100,lane,24259
3101,happens,24249
3102,represent,24244
3103,Billy,24241
3104,root,24241
3105,Holland,24220
3106,mud,24215
3107,respectable,24197
3108,cleared,24196
3109,feels,24189
3110,fruits,24181
3111,testimony,24178
3112,Milton,24177
3113,existing,24176
3114,bride,24170
3115,rang,24165
3116,ranks,24146
3117,responsibility,24110
3118,beating,24105
3119,disappointed,24102
3120,suitable,24099
3121,depend,24080
3122,judges,24065
3123,giant,24050
3124,grasp,24039
3125,arrive,24036
3126,simplicity,24033
3127,autumn,24030
3128,absent,24029
3129,legally,24015
3130,veil,24014
3131,gloom,23980
3132,doubtful,23956
3133,suspect,23953
3134,weapons,23950
3135,limits,23919
3136,determination,23918
3137,feeble,23902
3138,prophet,23900
3139,Shak,23892
3140,gathering,23868
3141,basis,23866
3142,examine,23826
3143,corrupt,23785
3144,payments,23779
3145,returns,23775
3146,laying,23756
3147,prize,23749
3148,instances,23733
3149,Greeks,23730
3150,d,23730
3151,they're,23719
3152,theatre,23711
3153,purchase,23704
3154,comparison,23702
3155,composition,23694
3156,rival,23688
3157,someone,23680
3158,realize,23669
3159,defeat,23665
3160,demands,23635
3161,foe,23628
3162,shared,23620
3163,consists,23616
3164,studies,23614
3165,balance,23609
3166,intercourse,23609
3167,ID,23605
3168,forming,23571
3169,slender,23570
3170,coach,23561
3171,criminal,23556
3172,knocked,23553
3173,silly,23553
3174,humour,23550
3175,masses,23542
3176,indifferent,23541
3177,recall,23534
3178,occupation,23529
3179,discourse,23524
3180,keeps,23523
3181,regions,23516
3182,intervals,23510
3183,assist,23508
3184,novel,23506
3185,intellect,23493
3186,leads,23492
3187,hither,23489
3188,tales,23483
3189,sale,23476
3190,revenge,23465
3191,Lucy,23459
3192,yonder,23446
3193,resources,23435
3194,jealous,23421
3195,we're,23376
3196,wheel,23376
3197,invitation,23368
3198,narrative,23365
3199,risen,23364
3200,burnt,23335
3201,sentiments,23335
3202,inferior,23327
3203,amusement,23320
3204,Marie,23309
3205,flash,23304
3206,recognize,23302
3207,swiftly,23299
3208,portrait,23294
3209,create,23259
3210,summoned,23245
3211,suggest,23241
3212,induced,23229
3213,conflict,23227
3214,fed,23220
3215,curse,23215
3216,disappointment,23215
3217,helpless,23213
3218,preparing,23208
3219,construction,23205
3220,Lincoln,23183
3221,zeal,23168
3222,responsible,23160
3223,indicated,23152
3224,groups,23150
3225,positive,23135
3226,Germans,23128
3227,attracted,23124
3228,vengeance,23121
3229,fort,23113
3230,club,23099
3231,cure,23094
3232,stout,23094
3233,missed,23090
3234,gracious,23082
3235,include,23071
3236,flood,23042
3237,satisfy,23040
3238,agony,23033
3239,respects,23020
3240,ventured,23020
3241,implied,23018
3242,Maria,23010
3243,stupid,22992
3244,seas,22991
3245,Spaniards,22987
3246,grain,22985
3247,enjoyment,22982
3248,wearing,22981
3249,indifference,22936
3250,conceal,22933
3251,horizon,22922
3252,pleasures,22903
3253,therein,22901
3254,precisely,22900
3255,Canada,22872
3256,day's,22868
3257,assume,22844
3258,registered,22844
3259,estimate,22841
3260,steep,22823
3261,route,22808
3262,gardens,22789
3263,visitor,22780
3264,closer,22770
3265,harmony,22753
3266,non,22749
3267,thunder,22749
3268,wire,22741
3269,graceful,22736
3270,crept,22735
3271,Greece,22734
3272,childhood,22726
3273,knee,22696
3274,saddle,22691
3275,supplies,22683
3276,weeping,22673
3277,mostly,22658
3278,paragraphs,22647
3279,unconscious,22647
3280,mutual,22639
3281,scorn,22638
3282,grows,22628
3283,external,22592
3284,agents,22586
3285,software,22586
3286,institutions,22584
3287,losing,22575
3288,universe,22574
3289,clock,22548
3290,attempts,22547
3291,instruction,22538
3292,injury,22525
3293,roots,22522
3294,receipt,22519
3295,jumped,22518
3296,dearest,22502
3297,sore,22499
3298,earliest,22496
3299,finest,22488
3300,enable,22482
3301,discipline,22480
3302,motives,22465
3303,fastened,22454
3304,introduction,22446
3305,converted,22419
3306,wilderness,22419
3307,confused,22416
3308,fancied,22410
3309,offices,22410
3310,slip,22402
3311,revolution,22396
3312,wedding,22374
3313,girl's,22366
3314,farmer,22364
3315,silently,22363
3316,fires,22362
3317,wept,22355
3318,behalf,22346
3319,reckon,22346
3320,responded,22333
3321,uncertain,22328
3322,neglected,22328
3323,stroke,22326
3324,exquisite,22305
3325,engagement,22298
3326,dirty,22289
3327,rolling,22286
3328,platform,22282
3329,messenger,22272
3330,privilege,22260
3331,admirable,22255
3332,offers,22252
3333,mischief,22247
3334,physician,22245
3335,imposed,22228
3336,organized,22222
3337,covering,22208
3338,student,22207
3339,daring,22198
3340,cave,22174
3341,wars,22170
3342,convey,22166
3343,he'll,22163
3344,sincere,22162
3345,tradition,22160
3346,gravely,22153
3347,combined,22149
3348,gallant,22122
3349,sensation,22120
3350,travelling,22120
3351,charges,22089
3352,submit,22087
3353,tragedy,22082
3354,specific,22075
3355,commander,22064
3356,inn,22059
3357,stiff,22057
3358,accompany,22056
3359,score,22052
3360,virgin,22052
3361,farewell,22033
3362,paradise,22014
3363,villages,22012
3364,hunger,21975
3365,trembled,21947
3366,favorite,21929
3367,criticism,21925
3368,proprietary,21921
3369,customs,21915
3370,cotton,21910
3371,Ruth,21907
3372,hospital,21895
3373,restrictions,21881
3374,outward,21868
3375,impressed,21857
3376,blows,21851
3377,plains,21847
3378,flashed,21836
3379,rent,21836
3380,prey,21827
3381,owed,21813
3382,longing,21804
3383,musical,21803
3384,satisfactory,21803
3385,ridiculous,21802
3386,sheet,21798
3387,disgrace,21776
3388,colored,21769
3389,shouldn't,21767
3390,originally,21762
3391,Samuel,21760
3392,wages,21755
3393,papa,21749
3394,gas,21748
3395,inevitable,21741
3396,extensive,21735
3397,leisure,21729
3398,deadly,21718
3399,chin,21717
3400,claimed,21713
3401,glow,21707
3402,husband's,21703
3403,emotions,21695
3404,Adam,21681
3405,jealousy,21661
3406,leaf,21659
3407,publication,21649
3408,Englishman,21647
3409,Allah,21647
3410,Jones,21635
3411,hostile,21631
3412,wandered,21621
3413,railway,21615
3414,translation,21607
3415,procession,21575
3416,betrayed,21573
3417,pound,21572
3418,admired,21561
3419,elected,21552
3420,Pierre,21522
3421,sunk,21519
3422,ruins,21516
3423,eastern,21515
3424,roses,21511
3425,citizen,21498
3426,reminded,21497
3427,deceived,21495
3428,tables,21432
3429,beach,21431
3430,starting,21427
3431,funeral,21414
3432,arrested,21412
3433,flour,21409
3434,feature,21404
3435,correspondence,21403
3436,consisted,21398
3437,counted,21397
3438,reserve,21391
3439,proceedings,21381
3440,roar,21378
3441,romantic,21377
3442,twenty-five,21374
3443,hut,21374
3444,strangely,21361
3445,absorbed,21357
3446,propose,21352
3447,seats,21348
3448,bark,21347
3449,reception,21339
3450,pleasing,21334
3451,attained,21329
3452,wake,21326
3453,research,21323
3454,prayed,21309
3455,monarch,21306
3456,clothing,21300
3457,dollar,21293
3458,illness,21291
3459,calmly,21282
3460,obeyed,21275
3461,heartily,21268
3462,pressing,21264
3463,daylight,21264
3464,warriors,21243
3465,jest,21238
3466,abruptly,21222
3467,washed,21200
3468,comment,21197
3469,metal,21196
3470,preparations,21193
3471,nerves,21177
3472,solution,21177
3473,pretended,21173
3474,sixteen,21166
3475,assembly,21155
3476,tobacco,21154
3477,entity,21142
3478,dwelling,21136
3479,depart,21135
3480,swung,21134
3481,bitterly,21130
3482,alteration,21128
3483,colony,21126
3484,disclaimers,21124
3485,wing,21122
3486,peaceful,21120
3487,lion,21119
3488,opportunities,21097
3489,alarmed,21090
3490,furnish,21090
3491,resting,21086
3492,accused,21084
3493,culture,21083
3494,writings,21073
3495,dwelt,21071
3496,conquered,21067
3497,trick,21052
3498,trusted,21049
3499,column,21046
3500,financial,21028
3501,cunning,21027
3502,preparation,21022
3503,drama,21014
3504,joke,21010
3505,entertained,21003
3506,mist,20999
3507,hypertext,20994
3508,shell,20981
3509,medicine,20972
3510,proofread,20964
3511,nest,20950
3512,reverence,20947
3513,situated,20945
3514,yielded,20942
3515,conceive,20938
3516,appointment,20934
3517,lessons,20897
3518,fetch,20895
3519,tomb,20895
3520,candle,20894
3521,offence,20882
3522,coarse,20870
3523,heap,20866
3524,mixture,20863
3525,homes,20847
3526,model,20843
3527,men's,20819
3528,defect,20818
3529,destined,20814
3530,occasional,20813
3531,fourteen,20803
3532,hint,20802
3533,knights,20795
3534,solicit,20783
3535,dreamed,20774
3536,objection,20756
3537,craft,20753
3538,acid,20752
3539,namely,20747
3540,Asia,20744
3541,neglect,20734
3542,data,20722
3543,weapon,20717
3544,confessed,20715
3545,arrangements,20709
3546,repose,20701
3547,complying,20700
3548,copied,20700
3549,pink,20698
3550,user,20696
3551,heels,20695
3552,grandfather,20692
3553,other's,20690
3554,income,20679
3555,i,20661
3556,regards,20650
3557,streams,20649
3558,vigorous,20633
3559,accepting,20628
3560,bishop,20628
3561,lightning,20622
3562,authors,20613
3563,flames,20613
3564,observations,20602
3565,compressed,20599
3566,sport,20588
3567,powder,20587
3568,beds,20576
3569,orange,20573
3570,painting,20559
3571,shout,20548
3572,Austria,20499
3573,bath,20495
3574,careless,20495
3575,chap,20493
3576,derivative,20492
3577,roused,20491
3578,primitive,20488
3579,doorway,20487
3580,climbed,20484
3581,volumes,20479
3582,vulgar,20448
3583,arguments,20441
3584,1st,20440
3585,sunset,20435
3586,convenient,20431
3587,mail,20423
3588,recalled,20419
3589,wrapped,20419
3590,abode,20409
3591,planted,20405
3592,paint,20381
3593,surrender,20362
3594,establish,20357
3595,mild,20353
3596,promptly,20342
3597,appearing,20328
3598,department,20315
3599,parish,20302
3600,Stephen,20288
3601,nay,20246
3602,lit,20243
3603,handkerchief,20229
3604,basket,20219
3605,easier,20216
3606,deserve,20213
3607,quit,20213
3608,assurance,20212
3609,mirror,20210
3610,plot,20208
3611,yer,20196
3612,upward,20192
3613,sadly,20191
3614,secretary,20190
3615,adding,20187
3616,modest,20185
3617,dish,20176
3618,cares,20161
3619,straw,20158
3620,net,20152
3621,advised,20146
3622,heavenly,20124
3623,largest,20119
3624,proceeding,20107
3625,impatient,20085
3626,wounds,20076
3627,warmth,20071
3628,certainty,20053
3629,restless,20048
3630,meantime,20043
3631,rays,20040
3632,salvation,20031
3633,lovers,20030
3634,experiment,20024
3635,shores,20017
3636,today,20016
3637,tremendous,20006
3638,afforded,20004
3639,moonlight,20002
3640,intend,19999
3641,California,19991
3642,cultivated,19976
3643,flushed,19971
3644,Shakespeare,19966
3645,newspapers,19953
3646,rocky,19916
3647,pious,19900
3648,wont,19900
3649,steam,19892
3650,improvement,19883
3651,garments,19878
3652,Ned,19874
3653,treasury,19873
3654,merchants,19868
3655,perpetual,19866
3656,trained,19866
3657,products,19866
3658,affectionate,19858
3659,dispute,19854
3660,visitors,19847
3661,poison,19814
3662,proposition,19793
3663,maybe,19771
3664,rifle,19769
3665,warned,19767
3666,parting,19751
3667,shield,19736
3668,erected,19722
3669,employ,19722
3670,prevailed,19721
3671,talent,19714
3672,rises,19713
3673,climate,19693
3674,chairs,19690
3675,searched,19689
3676,unlike,19687
3677,recover,19681
3678,mate,19655
3679,arrange,19648
3680,fortunes,19647
3681,puzzled,19639
3682,committee,19637
3683,aged,19628
3684,Ohio,19605
3685,ashes,19593
3686,ghost,19563
3687,b,19549
3688,promises,19547
3689,bushes,19541
3690,effective,19525
3691,distinguish,19508
3692,manifest,19496
3693,comparatively,19486
3694,esteem,19478
3695,blew,19452
3696,revelation,19451
3697,wash,19425
3698,recognition,19417
3699,confession,19405
3700,clay,19398
3701,nonsense,19375
3702,trunk,19374
3703,management,19371
3704,undoubtedly,19371
3705,dried,19369
3706,Dorothy,19360
3707,chiefs,19347
3708,coal,19337
3709,stolen,19337
3710,earthly,19335
3711,restore,19332
3712,indirectly,19327
3713,lasted,19324
3714,selfish,19316
3715,renewed,19313
3716,canoe,19310
3717,protest,19307
3718,vice,19294
3719,races,19291
3720,deemed,19279
3721,temporary,19278
3722,pile,19276
3723,Frederick,19263
3724,chapel,19251
3725,moderate,19245
3726,spell,19236
3727,Massachusetts,19235
3728,upright,19228
3729,quoted,19226
3730,area,19226
3731,bone,19221
3732,solitude,19215
3733,instruments,19215
3734,formal,19211
3735,students,19209
3736,greatness,19206
3737,struggling,19192
3738,Monday,19175
3739,reproach,19173
3740,altered,19167
3741,grim,19161
3742,leaped,19157
3743,Venice,19153
3744,federal,19149
3745,questioned,19147
3746,editor,19143
3747,desirable,19141
3748,acknowledge,19137
3749,motionless,19137
3750,remedy,19135
3751,bestowed,19130
3752,pursue,19121
3753,representative,19117
3754,pole,19116
3755,gladly,19111
3756,linen,19109
3757,vital,19099
3758,sink,19096
3759,pacific,19093
3760,hopeless,19090
3761,dangers,19087
3762,gratefully,19087
3763,president,19068
3764,travelled,19061
3765,ward,19060
3766,nephew,19041
3767,ms,19038
3768,cheer,19029
3769,bloody,19023
3770,siege,19020
3771,commands,19005
3772,justified,19003
3773,Atlantic,18995
3774,stomach,18991
3775,improved,18971
3776,admire,18965
3777,openly,18962
3778,sailors,18961
3779,abide,18940
3780,advancing,18937
3781,forests,18927
3782,records,18920
3783,Polly,18909
3784,recorded,18908
3785,modification,18904
3786,dramatic,18897
3787,statements,18891
3788,upstairs,18873
3789,varied,18858
3790,letting,18857
3791,Wilson,18857
3792,comrades,18855
3793,sets,18848
3794,descent,18847
3795,whither,18847
3796,envy,18837
3797,load,18836
3798,pretend,18834
3799,folded,18829
3800,brass,18824
3801,internal,18823
3802,furious,18820
3803,curtain,18816
3804,healthy,18814
3805,obscure,18810
3806,summit,18806
3807,alas,18755
3808,fifth,18753
3809,center,18747
3810,faced,18734
3811,cheap,18723
3812,saints,18722
3813,colonel,18721
3814,Egyptian,18719
3815,contest,18707
3816,owned,18702
3817,adventures,18700
3818,exclusion,18688
3819,seize,18670
3820,chances,18669
3821,springs,18661
3822,alter,18660
3823,landing,18659
3824,fence,18652
3825,leagues,18642
3826,glimpse,18634
3827,statue,18632
3828,contract,18625
3829,luxury,18614
3830,artillery,18598
3831,doubts,18597
3832,saving,18594
3833,fro,18586
3834,string,18586
3835,combination,18582
3836,awakened,18575
3837,faded,18573
3838,arrest,18570
3839,protected,18568
3840,temperature,18567
3841,strict,18564
3842,contented,18563
3843,professional,18563
3844,intent,18559
3845,brother's,18548
3846,injured,18548
3847,neighborhood,18546
3848,Andrew,18543
3849,abundance,18541
3850,smoking,18541
3851,yourselves,18529
3852,medical,18527
3853,garrison,18525
3854,likes,18508
3855,corps,18503
3856,heroic,18497
3857,inform,18494
3858,wife's,18488
3859,retained,18477
3860,agitation,18469
3861,nobles,18462
3862,prominent,18457
3863,institution,18454
3864,judged,18441
3865,embrace,18431
3866,wheels,18427
3867,closing,18397
3868,damaged,18391
3869,pack,18390
3870,affections,18389
3871,eldest,18389
3872,anguish,18382
3873,surrounding,18381
3874,obviously,18376
3875,strictly,18366
3876,capture,18344
3877,drops,18339
3878,inquire,18336
3879,ample,18328
3880,remainder,18325
3881,justly,18324
3882,recollection,18324
3883,deer,18321
3884,answers,18317
3885,bedroom,18311
3886,purely,18310
3887,bush,18306
3888,plunged,18299
3889,thyself,18296
3890,joint,18291
3891,refer,18275
3892,expecting,18274
3893,madam,18271
3894,railroad,18264
3895,spake,18253
3896,respecting,18252
3897,Jan,18250
3898,columns,18248
3899,weep,18242
3900,identify,18232
3901,discharge,18215
3902,bench,18207
3903,Ralph,18196
3904,heir,18192
3905,oak,18186
3906,rescue,18177
3907,limit,18168
3908,unpleasant,18163
3909,anxiously,18159
3910,innocence,18153
3911,awoke,18151
3912,expectation,18145
3913,incomplete,18143
3914,program,18109
3915,reserved,18096
3916,secretly,18083
3917,we've,18079
3918,invention,18079
3919,faults,18075
3920,disagreeable,18074
3921,piano,18074
3922,defeated,18073
3923,charms,18072
3924,purse,18067
3925,persuade,18066
3926,deprived,18063
3927,electric,18058
3928,endless,18058
3929,interval,18054
3930,chase,18052
3931,heroes,18052
3932,invisible,18048
3933,well-known,18044
3934,occupy,18038
3935,Jacob,18036
3936,gown,18026
3937,cruelty,18021
3938,lock,18018
3939,lowest,18007
3940,hesitation,18003
3941,withdrew,18003
3942,proposal,18001
3943,destiny,17999
3944,recognised,17998
3945,commons,17995
3946,foul,17994
3947,loaded,17991
3948,amidst,17989
3949,titles,17984
3950,ancestors,17984
3951,types,17972
3952,commanding,17959
3953,madness,17954
3954,happily,17954
3955,assigned,17951
3956,declined,17932
3957,temptation,17932
3958,lady's,17929
3959,subsequent,17917
3960,jewels,17912
3961,breathed,17910
3962,willingly,17906
3963,youthful,17906
3964,bells,17904
3965,spectacle,17903
3966,uneasy,17897
3967,shine,17896
3968,formidable,17893
3969,stately,17892
3970,machinery,17886
3971,fragments,17875
3972,rushing,17859
3973,attractive,17857
3974,product,17857
3975,economic,17854
3976,sickness,17847
3977,uses,17822
3978,dashed,17819
3979,engine,17817
3980,ashore,17813
3981,dates,17805
3982,theirs,17793
3983,adv,17783
3984,clasped,17773
3985,international,17772
3986,leather,17768
3987,spared,17758
3988,crushed,17753
3989,interfere,17748
3990,subtle,17745
3991,waved,17743
3992,slope,17739
3993,floating,17737
3994,worry,17730
3995,effected,17725
3996,passengers,17723
3997,violently,17715
3998,donation,17715
3999,steamer,17714
4000,witnesses,17712
4001,specified,17710
4002,learnt,17698
4003,stores,17677
4004,designed,17666
4005,guessed,17654
4006,roger,17654
4007,timber,17654
4008,talents,17639
4009,heed,17636
4010,Jackson,17631
4011,murdered,17629
4012,vivid,17628
4013,woe,17614
4014,calculate,17612
4015,killing,17608
4016,Laura,17605
4017,savages,17603
4018,wasted,17600
4019,trifle,17584
4020,funny,17576
4021,pockets,17560
4022,philosopher,17552
4023,insult,17544
4024,den,17543
4025,representation,17541
4026,incapable,17538
4027,eloquence,17537
4028,dine,17526
4029,temples,17526
4030,Ann,17521
4031,sensitive,17519
4032,robin,17518
4033,appetite,17507
4034,wishing,17501
4035,picturesque,17495
4036,Douglas,17494
4037,courtesy,17472
4038,flowing,17467
4039,remembrance,17465
4040,lawyers,17464
4041,sphere,17464
4042,murmur,17463
4043,elegant,17460
4044,honourable,17453
4045,stopping,17452
4046,guilt,17440
4047,welfare,17437
4048,avoided,17429
4049,fishing,17423
4050,perish,17420
4051,sober,17416
4052,steal,17415
4053,delicious,17401
4054,infant,17393
4055,lip,17393
4056,Norman,17392
4057,offended,17392
4058,dost,17373
4059,memories,17358
4060,wheat,17354
4061,Japanese,17343
4062,humor,17342
4063,exhibited,17329
4064,encounter,17321
4065,footsteps,17314
4066,marquis,17308
4067,smiles,17302
4068,amiable,17294
4069,twilight,17290
4070,arrows,17287
4071,consisting,17287
4072,park,17285
4073,retire,17280
4074,economy,17278
4075,sufferings,17276
4076,secrets,17276
4077,na,17275
4078,halted,17268
4079,govern,17262
4080,favourable,17260
4081,colors,17248
4082,translated,17245
4083,stretch,17245
4084,formation,17240
4085,immortal,17234
4086,gallery,17233
4087,parallel,17233
4088,lean,17230
4089,tempted,17229
4090,frontier,17228
4091,continent,17226
4092,knock,17221
4093,impatience,17210
4094,unity,17210
4095,dealing,17192
4096,prohibition,17169
4097,decent,17166
4098,fiery,17163
4099,images,17163
4100,tie,17162
4101,punished,17161
4102,submitted,17161
4103,Julia,17140
4104,Albert,17127
4105,rejoined,17126
4106,speedily,17125
4107,consented,17122
4108,major,17113
4109,preliminary,17113
4110,cell,17112
4111,void,17112
4112,placing,17111
4113,prudence,17103
4114,egg,17096
4115,amazement,17090
4116,border,17086
4117,artificial,17080
4118,hereafter,17075
4119,fanny,17065
4120,crimes,17063
4121,breathe,17060
4122,exempt,17056
4123,anchor,17037
4124,Chicago,17037
4125,sits,17036
4126,purchased,17032
4127,eminent,17031
4128,neighbors,17029
4129,glowing,17016
4130,sunlight,17008
4131,examples,17006
4132,exercised,17005
4133,wealthy,17003
4134,seeming,16999
4135,Bonaparte,16995
4136,shouting,16994
4137,thanked,16992
4138,illustrious,16985
4139,curiously,16984
4140,inspiration,16984
4141,seeds,16983
4142,naval,16971
4143,foes,16954
4144,everyone,16950
4145,longed,16944
4146,abundant,16940
4147,doubted,16936
4148,painter,16933
4149,greeted,16931
4150,erect,16929
4151,glasses,16926
4152,meanwhile,16926
4153,shooting,16918
4154,Athens,16914
4155,wagon,16913
4156,lend,16903
4157,lent,16901
4158,crisis,16892
4159,undertake,16885
4160,particulars,16872
4161,eh,16870
4162,veins,16869
4163,polite,16864
4164,Anna,16863
4165,experiences,16859
4166,seal,16858
4167,header,16850
4168,clergy,16848
4169,mount,16843
4170,array,16834
4171,corners,16834
4172,magazine,16833
4173,loudly,16832
4174,bitterness,16825
4175,Texas,16816
4176,guardian,16813
4177,searching,16811
4178,rejected,16802
4179,harsh,16801
4180,includes,16800
4181,boldly,16791
4182,Maurice,16791
4183,Kate,16790
4184,lunch,16786
4185,pine,16785
4186,shells,16783
4187,seconds,16783
4188,despite,16779
4189,hoping,16776
4190,injustice,16768
4191,expressions,16766
4192,flies,16766
4193,push,16757
4194,tight,16756
4195,problems,16753
4196,landscape,16749
4197,sue,16742
4198,protested,16739
4199,scarlet,16734
4200,abandon,16734
4201,artistic,16721
4202,mainly,16720
4203,measured,16688
4204,loyal,16683
4205,boiling,16681
4206,desirous,16644
4207,suited,16644
4208,alliance,16641
4209,advise,16635
4210,waist,16634
4211,sinking,16631
4212,apprehension,16616
4213,stable,16611
4214,gregory,16607
4215,maximum,16592
4216,commit,16590
4217,hideous,16575
4218,hamilton,16571
4219,sweetness,16566
4220,dismissed,16563
4221,tore,16560
4222,affect,16558
4223,shaken,16556
4224,evils,16552
4225,unworthy,16547
4226,significance,16544
4227,modified,16531
4228,miracle,16529
4229,lieu,16522
4230,peasant,16519
4231,considerably,16501
4232,observing,16495
4233,conveyed,16494
4234,resemblance,16475
4235,extend,16473
4236,riches,16471
4237,personally,16466
4238,morality,16455
4239,rebellion,16450
4240,thread,16435
4241,dumb,16431
4242,inclination,16427
4243,forbidden,16427
4244,copper,16426
4245,differences,16418
4246,sailor,16411
4247,requested,16408
4248,Alfred,16401
4249,response,16401
4250,promoting,16398
4251,imperial,16392
4252,blank,16390
4253,purity,16382
4254,victor,16382
4255,bending,16376
4256,solemnly,16363
4257,twenty-four,16363
4258,minor,16356
4259,del,16353
4260,crimson,16348
4261,republic,16343
4262,teachers,16332
4263,ma'am,16329
4264,danced,16326
4265,bargain,16325
4266,dealt,16321
4267,fatigue,16319
4268,telephone,16317
4269,cents,16317
4270,whip,16310
4271,Adams,16303
4272,dislike,16280
4273,witnessed,16265
4274,infantry,16260
4275,acres,16254
4276,checked,16253
4277,countrymen,16252
4278,enemy's,16249
4279,companies,16249
4280,normal,16248
4281,shirt,16247
4282,addresses,16243
4283,introduce,16242
4284,sofa,16237
4285,mothers,16235
4286,sweep,16222
4287,conversion,16219
4288,sketch,16215
4289,African,16205
4290,deserved,16204
4291,answering,16200
4292,virtuous,16198
4293,Persian,16176
4294,anyway,16169
4295,thief,16152
4296,driver,16147
4297,retain,16145
4298,constructed,16144
4299,Daniel,16143
4300,UT,16132
4301,Philadelphia,16130
4302,conspicuous,16129
4303,channel,16126
4304,nobility,16124
4305,Edith,16114
4306,Berlin,16113
4307,editing,16105
4308,Cambridge,16103
4309,declaration,16094
4310,guards,16094
4311,personality,16088
4312,smallest,16080
4313,excess,16077
4314,separation,16075
4315,disgust,16071
4316,ha,16062
4317,accomplish,16054
4318,speeches,16054
4319,Herbert,16053
4320,convent,16048
4321,rightly,16044
4322,suspended,16042
4323,reform,16035
4324,mob,16028
4325,thirst,16027
4326,unnecessary,16021
4327,treasures,16018
4328,asks,16018
4329,viewed,16016
4330,designs,16004
4331,gleam,16000
4332,threatening,15999
4333,palm,15994
4334,Missouri,15992
4335,filling,15984
4336,quoth,15980
4337,fur,15978
4338,fortnight,15973
4339,holes,15972
4340,addressing,15970
4341,frightful,15954
4342,encourage,15954
4343,speaker,15945
4344,tribute,15944
4345,procure,15935
4346,frankly,15931
4347,recommended,15913
4348,relieve,15912
4349,intentions,15910
4350,unjust,15909
4351,legislation,15904
4352,project,15894
4353,threshold,15894
4354,merits,15893
4355,morrow,15885
4356,traces,15885
4357,induce,15883
4358,spear,15882
4359,inward,15873
4360,pupils,15863
4361,corresponding,15859
4362,fairy,15854
4363,conclude,15850
4364,clung,15846
4365,neat,15845
4366,lucky,15834
4367,lap,15823
4368,session,15822
4369,torture,15818
4370,damp,15814
4371,ridge,15802
4372,spoil,15785
4373,liable,15784
4374,swords,15780
4375,hearty,15778
4376,BC,15774
4377,Abraham,15769
4378,thoughtful,15768
4379,traveller,15764
4380,chains,15760
4381,favorable,15760
4382,tin,15755
4383,imp,15748
4384,strongest,15748
4385,Horace,15745
4386,dependent,15738
4387,couch,15736
4388,bills,15732
4389,warrant,15731
4390,complaint,15722
4391,endeavour,15721
4392,sails,15716
4393,dined,15705
4394,convention,15701
4395,guarded,15696
4396,angle,15694
4397,widely,15692
4398,Illinois,15677
4399,Charlotte,15677
4400,endeavoured,15677
4401,ardent,15674
4402,cow,15670
4403,mill,15668
4404,victims,15667
4405,prejudice,15666
4406,foremost,15665
4407,map,15665
4408,probability,15656
4409,porch,15645
4410,lieutenant,15641
4411,surprising,15633
4412,fountain,15632
4413,sustained,15630
4414,appropriate,15626
4415,Ford,15620
4416,Clara,15616
4417,assisted,15615
4418,Lewis,15615
4419,rejoice,15609
4420,extending,15608
4421,marvellous,15601
4422,clothed,15597
4423,Jew,15579
4424,collar,15568
4425,bands,15567
4426,confident,15563
4427,hasty,15560
4428,nigh,15557
4429,organ,15557
4430,prose,15545
4431,privileges,15533
4432,selection,15523
4433,inquiries,15522
4434,codes,15510
4435,replace,15496
4436,saint,15492
4437,districts,15491
4438,deliberately,15481
4439,awe,15474
4440,beforehand,15470
4441,strife,15470
4442,released,15468
4443,compare,15466
4444,beer,15465
4445,retorted,15461
4446,relate,15459
4447,cheerfully,15448
4448,pistol,15448
4449,presume,15447
4450,velvet,15446
4451,wretch,15446
4452,Susan,15438
4453,Pennsylvania,15432
4454,stirring,15430
4455,righteousness,15429
4456,missing,15428
4457,fain,15427
4458,facing,15425
4459,fashionable,15425
4460,producing,15420
4461,peoples,15416
4462,positively,15408
4463,reasoning,15402
4464,gravity,15401
4465,disturb,15393
4466,sermon,15389
4467,exchanged,15385
4468,partner,15379
4469,brains,15374
4470,lowered,15372
4471,association,15365
4472,estates,15352
4473,abuse,15338
4474,flock,15329
4475,niece,15329
4476,languages,15325
4477,asserted,15321
4478,bodily,15318
4479,notions,15315
4480,Oliver,15313
4481,faculty,15304
4482,cannon,15302
4483,thirteen,15290
4484,sailing,15289
4485,rings,15285
4486,smart,15284
4487,possessions,15280
4488,disciples,15272
4489,petty,15271
4490,widest,15253
4491,divisions,15252
4492,prudent,15248
4493,caution,15246
4494,justify,15239
4495,awhile,15236
4496,boxes,15233
4497,manuscript,15228
4498,cigar,15225
4499,warrior,15223
4500,impressions,15221
4501,aught,15217
4502,lifting,15217
4503,inaccurate,15212
4504,tidings,15207
4505,Friday,15206
4506,liquid,15202
4507,staying,15202
4508,concept,15191
4509,creek,15186
4510,lo,15173
4511,brush,15172
4512,download,15171
4513,specially,15168
4514,cream,15166
4515,meetings,15162
4516,jump,15159
4517,unwilling,15158
4518,adapted,15157
4519,practised,15157
4520,combat,15151
4521,subdued,15151
4522,Jewish,15144
4523,innumerable,15141
4524,blowing,15139
4525,extra,15138
4526,civilized,15130
4527,invented,15123
4528,Japan,15120
4529,pitch,15109
4530,cliff,15107
4531,crowned,15092
4532,portions,15090
4533,awkward,15086
4534,horrid,15085
4535,pulling,15067
4536,appreciate,15065
4537,communicated,15060
4538,Kentucky,15056
4539,jury,15050
4540,encountered,15046
4541,attacks,15041
4542,monster,15031
4543,Simon,15022
4544,maintaining,15021
4545,sites,15019
4546,frozen,15015
4547,invariably,15010
4548,dies,15009
4549,survive,15007
4550,literally,15005
4551,consolation,14994
4552,m,14994
4553,phenomena,14994
4554,pot,14993
4555,Ellen,14984
4556,briefly,14979
4557,rice,14975
4558,planned,14974
4559,Barbara,14966
4560,respected,14958
4561,sublime,14954
4562,dropping,14948
4563,guy,14945
4564,behaviour,14940
4565,desolate,14938
4566,penny,14935
4567,adopt,14934
4568,replaced,14933
4569,revenue,14923
4570,formats,14918
4571,hired,14912
4572,regularly,14904
4573,infringement,14893
4574,curtains,14892
4575,eagerness,14883
4576,helping,14882
4577,investigation,14882
4578,constitutional,14878
4579,insist,14878
4580,occurs,14875
4581,fools,14871
4582,inheritance,14870
4583,latest,14868
4584,leap,14866
4585,games,14846
4586,apple,14840
4587,visiting,14840
4588,travellers,14836
4589,experiments,14830
4590,hasn't,14830
4591,pupil,14830
4592,enjoying,14829
4593,totally,14821
4594,twisted,14821
4595,discuss,14813
4596,firing,14802
4597,background,14801
4598,subscribe,14795
4599,tenderly,14786
4600,transcribe,14783
4601,descend,14779
4602,differ,14772
4603,majesty's,14763
4604,avail,14758
4605,disaster,14756
4606,bet,14753
4607,periodic,14750
4608,bull,14749
4609,entertainment,14748
4610,computers,14743
4611,cursed,14738
4612,raw,14734
4613,fulfilled,14732
4614,Georgia,14728
4615,virus,14726
4616,log,14726
4617,skies,14707
4618,scotch,14706
4619,embraced,14705
4620,hospitality,14703
4621,faintly,14701
4622,Solomon,14690
4623,robbed,14689
4624,cart,14688
4625,influences,14686
4626,ascended,14682
4627,incidents,14682
4628,childish,14674
4629,robe,14668
4630,aboard,14658
4631,resembling,14657
4632,reflect,14652
4633,dominion,14649
4634,dreary,14644
4635,serving,14639
4636,complexion,14636
4637,engage,14624
4638,tents,14620
4639,herd,14619
4640,attain,14618
4641,collect,14617
4642,disclaims,14617
4643,pan,14614
4644,relatives,14613
4645,borrowed,14610
4646,convert,14601
4647,outline,14598
4648,blown,14594
4649,comprehend,14578
4650,peasants,14575
4651,opera,14571
4652,assault,14568
4653,deceive,14566
4654,doctrines,14560
4655,representatives,14555
4656,dedicated,14553
4657,struggled,14548
4658,officials,14545
4659,hiding,14540
4660,paths,14537
4661,backs,14533
4662,prominently,14518
4663,prices,14517
4664,procured,14517
4665,mourning,14510
4666,compliment,14505
4667,heights,14503
4668,approval,14502
4669,gasped,14495
4670,breadth,14492
4671,withdraw,14488
4672,tune,14473
4673,compassion,14470
4674,polished,14468
4675,latitude,14463
4676,dishes,14461
4677,parent,14461
4678,contrived,14459
4679,delicacy,14459
4680,projected,14456
4681,akin,14454
4682,f,14452
4683,betray,14448
4684,traced,14446
4685,resentment,14432
4686,indemnify,14431
4687,pseud,14428
4688,sacrifices,14418
4689,disguise,14416
4690,transcription,14410
4691,document,14408
4692,neighbour,14405
4693,squire,14402
4694,punish,14393
4695,bars,14391
4696,glittering,14390
4697,tossed,14388
4698,block,14383
4699,lots,14375
4700,worldly,14370
4701,muscles,14367
4702,elbow,14365
4703,obligation,14359
4704,trifling,14359
4705,decline,14357
4706,attachment,14356
4707,ambitious,14355
4708,filename,14351
4709,artists,14341
4710,bloom,14341
4711,holiday,14340
4712,brute,14335
4713,repair,14329
4714,fist,14325
4715,recollect,14324
4716,eagle,14313
4717,honorable,14313
4718,significant,14309
4719,barren,14302
4720,functions,14296
4721,guided,14289
4722,dense,14283
4723,fiction,14277
4724,viz,14273
4725,adds,14270
4726,rows,14270
4727,recommend,14264
4728,suspicious,14261
4729,resulting,14257
4730,seventy,14257
4731,shillings,14253
4732,educational,14252
4733,duly,14247
4734,governed,14246
4735,scripture,14237
4736,upwards,14235
4737,sworn,14234
4738,Nicholas,14226
4739,horn,14226
4740,brook,14225
4741,fund,14222
4742,Vienna,14213
4743,lodge,14209
4744,infinitely,14207
4745,clergyman,14207
4746,marshal,14206
4747,ruled,14205
4748,fiercely,14200
4749,Portuguese,14200
4750,costume,14192
4751,pit,14192
4752,disorder,14188
4753,sheer,14184
4754,exalted,14179
4755,fare,14175
4756,applause,14173
4757,Chaucer,14166
4758,remind,14161
4759,binary,14155
4760,packed,14141
4761,pillow,14140
4762,jersey,14139
4763,abbey,14136
4764,nowhere,14135
4765,anyhow,14125
4766,agitated,14122
4767,marching,14122
4768,catching,14121
4769,el,14119
4770,grasped,14117
4771,arrow,14115
4772,tend,14113
4773,carved,14109
4774,fitting,14108
4775,bonds,14105
4776,instructed,14105
4777,elaborate,14101
4778,corpse,14095
4779,bewildered,14088
4780,essence,14071
4781,positions,14071
4782,Emily,14067
4783,edited,14063
4784,continues,14062
4785,Harold,14056
4786,elevation,14055
4787,realm,14041
4788,debts,14032
4789,glancing,14027
4790,shops,14013
4791,complained,14008
4792,loyalty,14001
4793,coin,13996
4794,clad,13992
4795,staircase,13988
4796,documents,13976
4797,interpreted,13969
4798,4th,13969
4799,extremity,13966
4800,accord,13965
4801,sally,13963
4802,lace,13960
4803,tremble,13957
4804,exile,13955
4805,gospel,13947
4806,mechanical,13947
4807,successfully,13943
4808,scholar,13932
4809,wonders,13923
4810,Arab,13920
4811,temperament,13920
4812,expressing,13918
4813,Fred,13917
4814,trap,13917
4815,spots,13914
4816,awaiting,13910
4817,potatoes,13909
4818,likeness,13902
4819,harbour,13898
4820,proofs,13885
4821,jolly,13883
4822,contributed,13879
4823,wits,13876
4824,generosity,13869
4825,ruler,13866
4826,Lawrence,13858
4827,cake,13856
4828,lamps,13855
4829,crazy,13852
4830,sincerity,13852
4831,entertain,13851
4832,madame,13849
4833,sir,13849
4834,faculties,13845
4835,hesitate,13840
4836,deepest,13836
4837,seventeen,13830
4838,lordship,13817
4839,greeting,13808
4840,feminine,13805
4841,monstrous,13802
4842,tongues,13799
4843,barely,13795
4844,3d,13785
4845,mansion,13784
4846,facility,13783
4847,praised,13779
4848,warranties,13776
4849,Sarah,13775
4850,happier,13772
4851,indicating,13772
4852,rob,13764
4853,gigantic,13763
4854,honey,13760
4855,ladder,13757
4856,ending,13754
4857,Wales,13754
4858,swallowed,13751
4859,sunny,13747
4860,knelt,13743
4861,tyranny,13742
4862,decree,13739
4863,stake,13738
4864,divide,13734
4865,dreaming,13734
4866,proclaimed,13732
4867,dignified,13730
4868,tread,13729
4869,mines,13724
4870,viewing,13723
4871,defense,13723
4872,oldest,13720
4873,incredible,13718
4874,bidding,13711
4875,brick,13711
4876,arch,13707
4877,everlasting,13703
4878,elect,13700
4879,sprung,13696
4880,harder,13688
4881,winding,13686
4882,deductible,13684
4883,magistrate,13681
4884,respective,13679
4885,liquor,13676
4886,imitation,13670
4887,shy,13670
4888,perished,13669
4889,prime,13666
4890,studying,13662
4891,eighty,13661
4892,Hebrew,13658
4893,unfortunately,13656
4894,licensed,13654
4895,fog,13651
4896,coloured,13648
4897,bits,13647
4898,consult,13642
4899,moves,13642
4900,r,13642
4901,warn,13639
4902,Taylor,13638
4903,vile,13616
4904,depended,13612
4905,Phil,13609
4906,legend,13609
4907,locations,13604
4908,shallow,13602
4909,doom,13601
4910,dreaded,13595
4911,encouragement,13592
4912,impatiently,13575
4913,scent,13567
4914,varieties,13567
4915,irregular,13555
4916,battles,13554
4917,compass,13543
4918,neighbouring,13538
4919,bliss,13536
4920,harvest,13533
4921,promotion,13533
4922,stove,13519
4923,faithfully,13518
4924,Anthony,13517
4925,excellence,13515
4926,transfer,13515
4927,awaited,13511
4928,heathen,13510
4929,poetic,13510
4930,consulted,13509
4931,illustrated,13507
4932,Gilbert,13501
4933,br,13497
4934,fundamental,13496
4935,bundle,13492
4936,rebel,13481
4937,cultivation,13478
4938,joys,13478
4939,rigid,13476
4940,tragic,13468
4941,review,13462
4942,representing,13459
4943,flowed,13455
4944,brows,13454
4945,whereupon,13451
4946,terribly,13438
4947,melted,13435
4948,venerable,13435
4949,towers,13434
4950,cooking,13432
4951,mustn't,13422
4952,suspicions,13420
4953,old-fashioned,13419
4954,oppressed,13418
4955,Australia,13413
4956,friend's,13412
4957,revolt,13411
4958,swell,13407
4959,improve,13405
4960,Williams,13405
4961,describes,13403
4962,goddess,13401
4963,wreck,13393
4964,Tennessee,13392
4965,convince,13384
4966,sentences,13377
4967,bowl,13376
4968,radiant,13367
4969,Prussia,13364
4970,westward,13357
4971,indignant,13355
4972,refined,13345
4973,unseen,13344
4974,illustration,13340
4975,pertaining,13333
4976,swamp,13330
4977,Austrian,13329
4978,Saxon,13325
4979,congregation,13323
4980,nerve,13321
4981,undertaking,13321
4982,disclaimer,13317
4983,characteristics,13302
4984,stare,13291
4985,specimens,13291
4986,ascertain,13288
4987,pledge,13287
4988,earn,13286
4989,warfare,13285
4990,supposing,13279
4991,subsequently,13279
4992,attending,13278
4993,angrily,13273
4994,select,13268
4995,animated,13267
4996,industrial,13267
4997,hurriedly,13259
4998,manhood,13257
4999,quantities,13246
5000,interpretation,13245
